538000,3,2.25,2570,7242,2,3
180000,2,1,770,10000,1,3
604000,4,3,1960,5000,1,5
510000,3,2,1680,8080,1,3
1.23E+06,4,4.5,5420,101930,1,3
257500,3,2.25,1715,6819,2,3
291850,3,1.5,1060,9711,1,3
229500,3,1,1780,7470,1,3
323000,3,2.5,1890,6560,2,3
662500,3,2.5,3560,9796,1,3
468000,2,1,1160,6000,1,4
310000,3,1,1430,19901,1.5,4
400000,3,1.75,1370,9680,1,4
530000,5,2,1810,4850,1.5,3
650000,4,3,2950,5000,2,3
395000,3,2,1890,14040,2,3
485000,4,1,1600,4300,1.5,4
189000,2,1,1200,9850,1,4
230000,3,1,1250,9774,1,4
385000,4,1.75,1620,4980,1,4
2.00E+06,3,2.75,3050,44867,1,3
285000,5,2.5,2270,6300,2,3
252700,2,1.5,1070,9643,1,3
329000,3,2.25,2450,6500,2,4
233000,3,2,1710,4697,1.5,5
937000,3,1.75,2450,2691,2,3
667000,3,1,1400,1581,1.5,5
438000,3,1.75,1520,6380,1,3
719000,4,2.5,2570,7173,2,3
580500,3,2.5,2320,3980,2,3
280000,2,1.5,1190,1265,3,3
687500,4,1.75,2330,5000,1.5,4
535000,3,1,1090,3000,1.5,4
322500,4,2.75,2060,6659,1,3
696000,3,2.5,2300,3060,1.5,3
550000,4,1,1660,34848,1,1
640000,4,2,2360,6000,2,4
240000,4,1,1220,8075,1,2
605000,4,2.5,2620,7553,2,3
625000,4,2.5,2570,5520,2,3
775000,4,2.25,4220,24186,1,3
861990,5,2.75,3595,5639,2,3
685000,3,1,1570,2280,2,3
309000,3,1,1280,9656,1,4
488000,3,2.5,3160,13603,2,3
210490,3,1,990,8528,1,3
785000,4,2.5,2290,13416,2,4
450000,3,1.75,1250,5963,1,4
1.35E+06,3,2.5,2753,65005,1,5
228000,3,1,1190,9199,1,3
345000,5,2.5,3150,9134,1,4
600000,3,1.75,1410,4080,1,4
585000,2,1.75,1980,8550,1,3
920000,5,2.25,2730,6000,1.5,3
885000,4,2.5,2830,5000,2,3
292500,4,2.5,2250,4495,2,3
301000,3,2.5,2420,4750,2,3
951000,5,3.25,3250,14342,2,4
430000,4,3,1850,9976,2,3
650000,3,2.25,2150,21235,1,4
289000,3,1.75,1260,8400,1,3
505000,3,1.75,2519,8690,2,5
549000,3,1.75,1540,1044,3,3
425000,3,2.25,1660,6000,1,3
317625,3,2.75,2770,3809,1.5,5
975000,4,2.5,2720,11049,2,3
287000,4,2.5,2240,4648,2,3
204000,3,1,1000,12070,1,4
1.33E+06,5,2.25,3200,20158,1,3
1.04E+06,5,3.25,4770,50094,1,4
325000,3,2,1260,5612,1,4
571000,4,2,2750,7807,1.5,5
360000,4,2.5,2380,5000,2,3
349000,3,1.75,1790,50529,1,5
832500,4,4,3430,35102,2,4
380000,4,1.75,1760,7300,1,3
480000,3,1,1040,5060,1,3
410000,3,1,1410,5060,1,4
720000,4,2.5,3450,39683,2,3
390000,3,2.5,2350,5100,2,3
360000,4,2.5,1900,5889,2,3
355000,2,1,2020,6720,1,3
356000,3,1.5,1680,8712,1,3
315000,3,1,960,6634,1,3
940000,3,1.5,2140,3600,2,3
305000,5,2.25,2660,8400,1.5,5
461000,3,3.25,2770,6278,2,3
215000,2,2.25,1610,2040,2,4
335000,2,1.75,1030,1066,2,3
243500,4,2.5,1980,7403,2,3
1.10E+06,5,2.75,3520,6353,2,4
153000,3,1,1200,10500,1,3
430000,3,1.5,1580,5000,1,3
700000,3,1.5,1580,5000,1,3
905000,4,2.5,3300,10250,1,3
247500,3,1.75,1960,15681,1,3
199000,4,1.5,1160,6400,1,4
314000,3,1.75,1810,41800,1,5
437500,3,2.5,2320,36847,2,3
850830,3,2.5,2070,13241,1.5,5
555000,3,2,1980,3478,1.5,4
699950,3,2.25,2190,107593,2,4
1.09E+06,3,2.5,2920,8113,2,3
290000,3,1,1210,33919,1,3
375000,3,2.5,2340,10005,1,4
460000,3,1,1670,4005,1.5,4
188500,2,1.75,1240,2493,1,4
680000,4,2.5,3140,28037,2,4
470000,5,1.75,2030,12342,2,4
597750,4,2.5,2310,9624,2,3
570000,3,1.75,1260,3328,1,5
272500,3,1.75,1540,12600,1,4
329950,3,1.75,2080,5969,1,3
480000,4,2.5,3230,16171,2,3
740500,3,3.5,4380,6350,2,3
518500,3,3.5,1590,1102,3,3
205425,2,1,880,6780,1,4
171800,4,2,1570,9600,1,3
535000,4,1,1610,2982,1.5,4
660000,3,2.5,2400,6474,1,3
391500,3,2,1450,9132,1,3
395000,2,1,770,6000,1,3
445000,4,1.75,2100,4400,1.5,5
770000,3,2.25,2910,10204,2,3
1.45E+06,4,2.75,2750,17789,1.5,3
445000,3,2.25,2100,8201,1,3
260000,4,2.25,2160,8811,1,3
822500,5,3.5,2320,4960,2,5
430000,4,2.5,2070,4310,2,3
212000,3,1.75,1060,7875,1,4
660500,4,2.25,2010,9603,1,3
784000,3,3.5,3950,111078,1.5,3
453246,3,2.5,2010,2287,2,3
675000,4,3.5,2140,2278,3,3
199000,3,1.75,1320,17390,1,4
220000,4,1.75,2020,7840,1,3
452000,4,2.25,2590,10002,1,4
382500,2,1,1190,4440,1,3
519950,3,2.25,1170,1249,3,3
665000,2,1,1110,3200,1,3
527700,5,2.5,2820,9375,1,4
205000,3,1,1610,8579,1,4
420000,3,1,1060,8097,1,4
500000,4,2.25,2030,8517,1,4
921500,4,2.5,3670,315374,2,4
890000,4,1,2550,4000,2,3
430000,2,2.5,2420,60984,2,3
258000,5,2,2260,12500,1,4
511000,3,1,1430,3455,1,3
532170,3,2,1360,3090,2,3
560000,3,1,1110,5000,1.5,3
282950,3,1,1250,8200,1,4
2.25E+06,4,3.25,5180,19850,2,3
350000,1,1,700,5100,1,3
215000,3,1,1180,7669,1,4
650000,5,3.5,3960,25245,2,3
320000,4,2.75,2640,7500,1,3
247000,3,2,1270,7198,1.5,3
320000,4,1.75,1760,11180,1,4
255000,5,2.25,2060,8632,1,3
438000,3,1.75,1780,9660,1,3
900000,3,2.5,3400,16603,2,3
441000,3,2.75,1910,7280,1,3
420000,3,2,2020,38332,1,4
370000,3,1.75,1580,7000,1,3
269950,2,1.75,1340,7250,1,5
807100,4,2.5,2680,4499,2,3
653000,3,2.5,2680,9750,1,4
371500,3,2,1370,8336,1,5
284000,3,1.75,1560,21000,1,3
272000,3,1.75,2160,7140,1,4
313000,3,1.5,1340,7912,1.5,3
917500,4,2.5,3880,35003,2,3
673000,4,2.25,2590,8190,2,4
425000,3,2.5,1120,1100,2,3
399950,5,2.75,1970,5400,1,3
385000,3,1,1220,4800,1,3
269950,3,1.5,1950,7560,1,4
330000,2,1,1350,8220,1,3
260000,3,2.5,1670,5797,2,3
470000,4,3,2380,5125,1.5,4
589000,4,3,2440,9600,2,5
163500,2,1.5,1050,3419,2,3
835000,4,2.75,3130,13412,2,3
1.10E+06,5,3,4090,12850,1,4
269000,4,1.75,1490,10000,1,4
560000,3,2.5,1900,8744,2,3
615000,4,1,1330,2400,1.5,4
585188,3,2.25,2230,10026,1,3
305000,3,1.75,1650,9480,1,3
166950,3,1,1190,8820,1,3
799000,3,2.5,2140,9897,1,4
400000,3,2.5,2180,7508,1,4
230000,3,1,1060,10228,1,3
256883,3,2.5,1690,5025,2,3
423000,4,2,1970,6480,1.5,5
465000,3,2.5,2150,4084,2,3
440000,3,2.5,1910,66211,2,3
385000,3,1.75,1350,155073,1,4
210000,3,1,860,11725,1,4
297000,3,2.5,1940,14952,2,3
470000,3,1,1010,5000,1,3
226500,3,1.5,1300,7370,1,4
274250,3,1,910,8450,1,4
840000,4,1.75,2480,11010,1,4
677900,3,2.5,2440,4587,2,3
425000,3,1,1010,5864,1,3
180250,2,0.75,900,9600,1,3
464000,6,3,2300,3404,2,3
320000,4,2.25,1550,7579,2,3
625504,3,2.25,1270,1566,2,3
592500,4,2.5,2240,12032,1,3
465000,3,2.5,2714,17936,2,3
477000,4,2.75,1720,6270,2,3
280000,2,1,850,16400,1,3
1.51E+06,5,3,3300,33474,1,3
445838,3,2.5,2250,5692,2,3
1.07E+06,2,2.25,3900,14864,1,3
467000,2,1.5,1320,10800,1,4
686000,4,2.5,2760,6440,2,3
279950,3,2,1750,9750,1,3
527000,4,2.25,2330,19436,2,3
325000,3,2.25,2220,16020,1,4
328000,3,2.25,2020,8379,2,3
390000,3,2.25,1250,7500,1,5
479950,2,2,1510,6516,1,3
264950,4,2.25,1720,9753,1,4
235000,3,1,1430,15246,1,4
516500,3,2.5,1480,4729,2,3
655000,2,1.75,1450,15798,2,3
500000,4,2.75,2280,15347,1,5
315000,6,2.75,2940,7350,1,3
213000,2,1,1000,10200,1,3
475000,3,1.5,2480,5280,1.5,5
1.03E+06,5,4,3760,28040,2,3
416000,3,2,2220,94300,1,5
410000,4,1,1970,4740,1.5,3
800000,3,3.5,3830,221284,2,3
472000,6,2.5,4410,14034,1,4
225000,3,1.75,1430,8505,1,4
210000,2,1,830,6000,1,3
455000,2,1,1430,5000,1.5,2
225000,3,1,1300,8316,1,4
480000,2,1,1030,3060,1,4
363000,3,2.5,2740,11872,2,3
2.40E+06,4,2.5,3650,8354,1,3
181000,2,1.5,720,5120,1,3
250000,4,2,2010,7312,1,4
481000,3,1.75,1560,3000,1,4
260000,3,2,1810,7209,1,4
455000,4,2.5,3360,7685,2,3
415000,3,2.25,1510,36224,2,3
349500,3,1,1400,3538,1,3
245000,3,2.5,1730,7442,2,3
592500,2,2,1420,9191,1.5,5
385000,4,1.75,2360,7620,1,4
315000,3,1.75,1580,11455,1,4
255000,3,1,1230,10170,1,3
693000,4,2.5,2460,4425,2,3
780000,3,1,1660,4400,1.5,3
237000,3,1.75,1270,8470,1,4
525000,3,2.25,2100,40510,2,3
425000,2,1,770,5040,1,3
369900,1,0.75,760,10079,1,5
290000,4,2.5,1700,7280,2,4
285000,3,1,1120,10701,1,3
415000,2,1,1070,4500,1,3
272500,3,2.5,2070,9900,1,3
2.90E+06,4,3.25,5050,20100,1.5,3
1.37E+06,4,4.75,5310,57346,2,4
436000,2,1,1040,7538,1,4
210000,3,1,1700,11390,1,4
236000,3,1,1300,5898,1,3
331000,3,1.75,1080,1306,1,3
365000,3,2.5,2653,4510,2,3
450000,3,2,2290,16258,1,5
770000,4,2.75,3820,26300,2,3
455000,4,2.5,2210,49375,1,3
405000,3,1.75,2390,6000,1,3
304900,4,1.75,2600,11325,1,4
170000,2,1,860,5265,1,3
2.05E+06,5,3,3830,8480,2,5
780000,4,2.5,3500,7048,2,3
330000,3,3,2420,13959,1,4
370000,4,2.5,2720,8666,2,3
467000,5,2.25,2500,13500,1,3
405000,3,1.75,1670,6720,1,3
675000,5,2.25,2900,10300,1,3
500000,2,1,1640,14100,1,4
389999,4,2.5,1890,15770,2,4
630000,4,1.75,2950,9025,1,4
360000,4,2.5,2160,9528,2,3
580000,4,3,3280,11060,2,3
550000,3,2,1970,4166,2,5
879000,4,2.5,3360,22111,2,3
265000,3,2,1320,8959,1,3
446500,3,2.5,2650,7286,2,3
404000,3,1.5,2030,8880,1,3
267500,3,1.75,1590,11914,1,3
3.08E+06,4,5,4550,18641,1,3
335000,3,2.5,2440,7632,2,3
576000,3,2.5,1940,9000,1,4
208633,3,2.5,2040,3810,2,3
315000,3,2.25,2200,8750,1,4
725000,3,1.75,1920,3300,1,4
550000,4,2.75,1800,7750,1,4
610750,4,2.25,2180,7297,2,3
550700,2,1,1010,5000,1.5,4
665000,4,2.75,3320,10574,2,5
834000,4,2.5,2370,4000,1.5,5
201000,5,1.75,1660,78408,1.5,3
2.38E+06,5,2.5,3650,9050,2,5
1.38E+06,4,3.25,4290,12103,1,3
1.40E+06,4,3.25,4290,12103,1,3
305000,4,2.25,1950,7700,1,3
487000,3,2,2590,14052,1,5
390000,3,2.5,1930,64904,1,4
548000,2,1,1470,3864,1,4
268750,4,1,800,8775,1,3
819900,5,2.75,3150,7119,2,3
520000,3,2.25,2030,16200,2,3
230000,3,2,1450,11204,1,3
240000,3,1.75,1510,10248,1,3
232000,2,1,1240,12092,1,3
240500,2,1,1240,12092,1,3
274975,3,2.5,3030,45004,2,3
740000,4,2,2050,4400,1.5,4
186375,3,1,1000,7636,1,2
790000,3,2.25,2370,10289,1,4
880000,4,3.5,2800,6750,2,3
279000,6,1.75,2240,11180,2,4
295000,3,2,1810,10530,1,3
640000,2,1,1070,5000,1,3
940000,4,2,2490,9525,2,5
260000,4,2.5,1960,5238,2,3
559900,3,2.75,2930,5569,1,3
791500,4,2,1510,3500,1.5,5
265000,3,1.75,1420,8250,1,3
245000,3,1.75,1740,11547,1,3
485000,4,1.75,2560,43995,2,4
684000,4,3.5,3040,8414,2,3
425000,3,1.75,2500,6840,1,3
309600,4,1.75,1275,20000,1,4
552250,4,2.5,2580,5823,2,3
165000,4,1,1000,7134,1,3
239900,4,1,1000,7134,1,3
320000,2,1,1070,32633,1,4
206600,3,2,1390,13464,1,4
387000,4,1.75,2500,7690,1,3
299000,1,0.75,560,12120,1,3
855000,4,2.75,2270,10460,2,3
315000,3,1,1900,14400,1,4
437500,2,1,990,3120,1,5
252000,4,1.5,1550,19800,1,4
375000,4,1.75,2200,7475,1,5
300000,4,2.5,1910,4862,2,3
420000,4,1,1750,9600,1.5,4
900000,3,1,1330,77972,1,3
679900,3,2.5,2440,5750,2,3
463000,3,2.5,1640,29970,2,3
380000,5,2.5,2760,11340,2,4
329500,4,2.5,1820,7912,2,3
604950,3,2.5,2110,5608,1,3
795000,5,2.5,3040,9570,1,4
465000,3,2,1840,40438,2,3
673000,4,2.5,2990,10400,2,3
810000,4,2.5,3520,15420,2,3
785000,4,2.75,2440,69415,1,4
338000,4,3,2090,7500,1,3
280000,3,2.25,1430,7222,2,3
315000,4,2.25,2180,10754,1,5
530000,4,2.25,2180,10754,1,5
380000,5,3,3450,9914,2,3
297000,3,2.25,1450,7562,2,3
730000,4,2.5,3230,7331,2,3
450000,3,1.75,1640,13500,1,3
275000,3,3,1590,7750,1,3
595000,4,2,2020,2849,2,3
435000,3,1.5,1300,3348,1.5,3
270000,2,1.5,1380,209959,1,1
950000,3,3,4040,14338,2,3
389000,4,2.25,2130,5337,2,3
560000,4,2.25,2550,7800,1,3
1.35E+06,5,3.5,4800,14984,2,3
799000,4,2.25,2510,11585,2,4
365500,3,2,1410,9600,1,4
252350,3,2,1650,7352,1,3
403950,4,2.5,2120,13780,2,3
385000,4,1.5,2040,10726,1,3
345000,4,1,1550,7620,1.5,3
490000,3,2.75,1980,3128,2,4
330000,3,2.5,1600,26977,2,3
927000,4,2.75,3300,12090,2,3
1.12E+06,4,2.5,3840,16619,2,4
330000,2,1,1220,10000,1,5
530000,5,2.25,2720,8800,1,4
365000,4,2,1940,25600,1,1
378750,3,2.5,2160,3000,1.5,3
269900,4,1.75,1530,8750,1.5,4
557000,3,3.5,1710,2096,2,3
360000,4,1.75,3730,16980,1,4
352000,2,1,940,5000,1,4
437000,3,2.5,1750,22357,2,3
322500,4,2.5,1820,6753,2,3
650000,3,3.25,1510,2000,2,3
450000,3,2,1290,1213,3,3
278500,3,2,1570,5250,1,3
364950,4,2.5,1930,6957,2,3
840000,4,3.5,2840,40139,1,4
268000,3,2.5,1550,8134,2,3
517534,2,1,833,143947,1,3
632925,3,2.5,2990,32239,2,4
577500,3,2.5,2000,7251,2,3
339000,4,1.5,2390,7480,1.5,3
570000,3,1.75,2910,37461,1,4
563500,4,1.75,2085,174240,1,3
423000,4,2.25,2200,9351,1,5
355000,3,2.25,1860,5028,2,3
1.55E+06,5,4.25,6070,171626,2,3
482000,2,1,950,3960,1,3
625000,3,1.75,1600,9135,1,5
538000,3,2.5,2250,11632,2,3
380000,3,2.5,2280,10255,2,4
375000,2,1,940,5120,1,3
245000,3,2.5,1530,8500,1,5
310000,5,1.75,2190,27260,1,4
1.30E+06,3,2,2350,15021,1,4
397000,4,2,1440,7680,1,3
365000,3,2.5,2200,4052,2,3
328500,4,3,2290,8250,2,3
988000,4,3,4040,19700,2,3
1.00E+06,4,2.5,2610,3277,1.5,5
237000,3,2.5,1490,2138,2,3
525000,4,2.5,2450,5280,2,3
749000,4,2.5,1710,9627,1,3
722500,5,2.5,4870,11800,2,3
843000,3,2.5,3130,8750,2,3
438000,2,2,1270,1372,3,3
578000,3,1.75,2120,10875,1,3
227950,3,1.5,1670,8230,1,5
196000,3,2.25,2070,11576,2,3
641000,2,1,1420,5332,1,3
350000,3,1.5,1250,219978,1,4
205000,3,1,940,7980,1,4
400000,3,1.75,1920,9102,1,3
1.03E+06,3,2.5,3545,9816,1,3
505000,3,2,1260,5460,1,3
475000,5,2.5,2340,7200,1,3
520000,3,2.25,2590,9263,1,5
1.45E+06,3,4.5,3970,24920,2,3
333500,3,1.75,1220,9732,1,3
232000,3,1,1400,10403,1,4
691100,3,2.75,2360,16117,1,4
811000,3,1.75,1870,9897,1,4
551000,3,2.5,2830,5802,2,3
496500,3,2.5,2260,3640,2,3
705000,3,3,1970,20978,2,4
578000,4,2.5,3140,9225,1,5
255000,3,1.75,1240,8659,1,5
1.05E+06,4,3.5,3450,7832,2,3
348000,3,2.25,2570,8491,2,4
230000,3,2,1510,3413,2,3
359500,4,2.25,2390,11250,2,3
330000,3,1,980,7000,1,3
80000,1,0.75,430,5050,1,2
465000,3,1.75,1480,6360,1,3
325000,4,2.5,1850,7324,2,3
340500,3,2,2270,28025,1,4
342500,3,2.5,1810,5192,2,3
290900,2,2,1610,17600,2,3
868700,3,4.25,3840,6161,2,3
1.20E+06,4,2.75,4110,8400,2,3
1.15E+06,4,3.25,4190,10259,2,3
859900,4,2.75,3390,6298,2,3
520000,4,2.25,1890,3006,2,3
460000,3,2.5,1610,2527,2,3
438924,3,1.5,1050,4590,1,3
315000,2,1,630,6550,1,3
590000,4,2.75,2910,10650,1,3
378500,4,1.75,1700,8640,1,3
328500,3,2.5,1950,8130,2,4
849950,3,3,2990,9773,2,4
525000,3,1.5,1350,6000,1,3
1.39E+06,4,3.25,4860,181319,2.5,3
295000,4,2.5,2160,7725,1,4
1.07E+06,6,3.5,4860,11793,2,3
207950,2,2,890,5000,1,3
699900,4,2.75,2810,7302,2,3
1.28E+06,5,2.5,3400,9500,2,4
452000,4,1.5,1580,7350,1,4
370000,3,2,1680,5036,1,4
232000,3,1.75,1300,11230,1,5
669950,5,2.5,2820,14062,2,4
397500,3,2,1510,6710,1,3
490000,2,2.5,1230,1391,2,3
725000,4,2,2110,4140,2,3
299000,3,2.75,3080,19635,1,4
625000,2,1.5,1490,5750,1.5,4
437500,3,2.5,2120,4500,2,3
650000,4,2.5,3180,5438,2,3
475000,2,1,1490,3825,1,3
342000,3,2,1930,11947,1,4
1.20E+06,4,2.5,2770,7800,2,3
280000,3,1.5,1670,11610,1,4
240000,2,1.75,1330,7200,1,3
529000,3,1,1210,3328,1.5,4
442000,3,1,1190,5100,1,4
615000,2,1,1540,6872,1,4
1.49E+06,4,3.75,4030,10800,2,3
585000,4,1.75,2430,7559,1,4
480000,4,2.5,2600,7787,2,3
1.10E+06,5,3.5,4410,57063,2,4
290000,4,1,1330,8184,1.5,3
615000,3,1.75,1900,5000,1,5
300000,2,1,1100,7680,1,4
308000,3,1,1980,39150,1.5,3
750000,3,2.5,2400,7745,2,3
2.25E+06,4,2.25,4760,8036,2.5,5
890000,4,3.25,3180,194278,2,3
288000,3,1,1190,7560,1,5
190000,2,1,630,6000,1,3
515000,5,3,2530,5105,1,3
235000,4,1.5,1690,11054,1,4
275000,2,1,940,5000,1,3
727500,2,2,1240,9119,1,4
650000,4,2.5,3040,6587,2,3
1.60E+06,6,5,6050,230652,2,3
365000,4,1,1590,7085,1.5,3
662000,3,1.75,2500,36947,1,3
270500,3,2.5,1780,7848,1,3
200000,2,1.5,1360,1898,2,3
970000,4,3.25,4740,76230,2,3
160000,3,1.5,1010,9600,1,4
204000,3,1,1040,7405,1,4
358000,3,2.25,1610,6655,2,4
452000,4,1.75,1570,8268,1,3
595000,2,2,1510,4000,1,4
249000,3,2,1360,6082,1,3
346900,4,2.5,1970,5106,2,3
2.13E+06,3,2.5,5403,24069,2,4
280000,4,2.5,1560,4350,2,3
318888,4,1.75,2320,12000,1,4
530000,3,2.25,2120,40518,1,3
375000,3,2.25,2120,18500,2,4
910000,4,2.5,3350,29242,2,3
782000,4,2.5,2380,9614,2,4
259950,2,2,1070,649,2,3
315000,4,2.75,2300,18360,1,4
215000,2,1,1320,8865,1,4
705000,3,1.75,2180,10221,1,4
1.45E+06,3,3,4380,6320,2,5
451000,3,1.75,1790,9813,2,3
261000,2,1,750,8125,1,4
396000,3,1.5,1300,8280,1,5
725000,4,2.5,2990,29170,2,3
1.95E+06,7,3.5,4640,15235,2,3
238000,4,1,1400,7242,1.5,3
750000,6,1.75,2750,9563,2,4
331500,4,2.5,2050,10271,2,3
460000,4,3,2230,108900,1,3
404950,4,2.25,2340,217014,1,4
880000,3,2.5,2870,5163,2,3
863000,4,2.5,4120,22370,2,3
638700,3,1.75,2080,9162,1,3
435000,3,2.5,1840,5680,2,3
260000,3,1,1180,5350,1.5,4
671500,5,2.75,2160,4000,1.5,5
610000,3,1,1180,3400,1.5,3
405000,2,0.75,1160,15029,1,4
338900,4,2.5,1830,5612,2,3
720000,4,4,3200,7708,2,3
442000,5,3,2560,5445,1.5,4
650000,5,2.75,2550,5040,1.5,5
263500,3,1.75,1330,9917,1,3
300000,2,1,1220,75794,1,4
266000,3,2.5,1805,3402,2,3
930000,4,4,6050,84942,2.5,3
530000,4,2.5,2320,5493,2,3
180000,3,1,1384,8960,1,4
619000,3,2.5,2720,6439,2,3
264000,3,1.5,1820,10608,1,4
730000,2,2.25,2130,4920,1.5,4
439000,4,2.25,2060,10070,2,3
268500,4,1.75,1420,7500,1,4
330000,3,1.75,1510,15744,1,3
640000,3,2.5,2160,4000,1.5,3
900000,3,2.5,3180,12600,2,4
370000,3,2.25,2110,13300,2,4
685000,3,2,2060,2900,1.5,5
505000,3,1.5,1830,217800,1,3
265000,3,1.75,1820,32666,1,4
290000,3,2.5,1610,2937,2,3
296000,4,2.5,1780,3600,2,3
360000,4,2.5,1840,9611,2,3
240500,3,1.75,1460,10584,1,3
372500,2,2.5,1400,2958,2,3
595000,3,2.5,3370,14402,2,3
515000,4,3,3590,8249,2,3
1.22E+06,4,2.25,3200,15367,2,4
507000,2,1.75,1670,6460,1,3
399950,4,2,2420,31465,1,3
185000,3,1.75,1430,10816,2,3
460000,3,1.75,1440,7070,1,3
435500,3,2.25,1450,4789,2,3
469000,4,2.75,3550,13938,1,5
531000,2,3,1270,1175,2,3
443500,2,1,940,6804,1,3
223000,3,2,1670,6824,1,3
590000,4,3.5,3100,15842,2,3
340000,2,2.5,1100,1760,3,3
650000,3,2,1870,3388,1,4
533600,3,2.5,1930,5080,2,4
695000,3,2.75,2540,4694,2,3
242000,3,1.75,1280,7524,1.5,4
425000,3,2.25,1820,8814,1,3
525000,3,2.25,1490,9414,2,3
485000,3,2.5,1880,5502,2,3
175000,3,1,1250,9775,1,3
210000,3,2,1440,7210,1,3
260000,3,2.5,1920,7415,2,3
577000,3,2.5,2060,5750,1,3
200000,3,1.5,1210,10588,1,4
605000,2,1.75,1760,5000,1,4
325000,3,1,990,6750,1,4
289500,3,1,960,6400,1,4
559950,3,2.5,1660,1458,3,3
1.04E+06,3,1.75,1900,9375,1,4
543500,3,2.25,1270,2790,1,3
480000,4,2.25,3250,34293,2,4
218000,3,1,960,9633,1,5
565000,2,1.75,1330,6000,1,4
426700,3,1.75,2080,7700,1,5
650000,3,2.5,2690,11575,1,3
542000,2,1,890,3060,1,3
415000,3,1.75,1070,8000,1,3
214000,3,1,1200,8316,1,4
245000,3,1.5,1360,8910,2,5
314500,3,2,2050,13303,1,3
1.12E+06,3,1.5,3000,5750,2,5
378000,2,2,1300,3850,1,3
305000,4,2.5,2250,9091,1,3
595000,5,2.75,3740,6750,1,4
729500,3,2.5,1660,1091,3,3
430000,3,2.5,2360,6699,2,3
240000,3,1.75,1760,6500,1,3
545000,3,1.75,1680,6200,1.5,3
530000,3,1.75,1320,2500,1,3
157000,1,1,870,26326,1,3
425000,4,1,1260,7645,1.5,3
220000,3,1,1000,6020,1,3
521000,4,1.75,2020,36400,1,4
325000,3,1,1920,6862,1,3
597500,3,2,2150,5400,1.5,4
337000,3,2.5,1470,3976,2,3
1.00E+06,3,2.5,3180,10492,2,3
3.07E+06,3,2.5,3930,55867,1,4
495000,3,1,990,6000,1,3
748000,4,3.5,2770,3330,2,3
888000,3,1.5,1250,8710,1,4
269900,3,1.75,1140,22267,1,3
496500,4,2.5,2250,14440,1,3
475000,3,2.5,1640,5097,2,3
312000,3,1.5,1255,1374,3,3
323000,3,1,1290,12231,1,3
331000,3,1.75,1300,9079,1,3
306000,3,1.5,1220,1086,3,3
655000,4,2.5,2630,4000,3,3
290000,3,1.5,1950,15954,1,4
1.25E+06,4,3.25,3160,5000,2,5
460000,3,1.75,1550,4708,1,4
435000,4,2.5,1700,6380,1,4
664000,4,2.75,2510,11880,1,5
865000,4,1.75,1800,4180,2,4
385000,3,1.75,1800,18000,1,3
497000,3,2.25,1870,9315,1,3
280000,2,1,1010,3000,1,4
188000,2,1.5,1120,17487,1,3
478500,3,1,2090,4755,1,3
1.15E+06,4,3.5,4370,18361,2,3
222000,3,2,1440,7187,1,4
799000,4,3,2580,209523,2,3
609900,4,2.5,3190,7399,2,3
413000,4,3.5,2380,5809,2,4
400000,4,1,1420,4875,1.5,3
802541,5,2.75,2990,6768,2,3
320000,3,2.5,2680,7757,2,3
507000,4,2.5,2730,7649,2,3
387500,3,1,1220,8329,1,3
396000,3,1,1500,12616,1,3
373000,3,1.75,1830,11788,1,3
1.48E+06,5,2.5,4570,19252,2,5
359900,4,2.25,2470,7698,2,3
410000,2,1,800,4342,1,3
690000,4,2.5,2900,23488,2,3
245000,3,2,1410,5760,1,3
700000,5,2.5,2830,25958,1,5
268000,4,1.75,1680,9966,1,3
225000,3,1.75,1760,26055,1,3
980000,4,2.25,2240,11034,2,3
795000,2,1,1380,5000,1.5,3
195000,2,1,820,5100,1,3
480000,4,2,2180,10575,1,2
485000,4,2,1400,3600,1,3
130000,2,1,880,9000,1,3
325000,2,1,1060,5703,1,4
440000,3,1.75,1530,7245,1,4
550000,4,1.75,2480,14782,1,3
310000,3,1.75,1490,7150,1,5
530000,3,2.5,3660,39478,2,4
390000,4,2.5,2340,8548,2,3
243000,3,1.75,1450,12125,1,4
639000,4,2.5,2210,9875,2,3
215000,4,1,1130,7400,1,4
405000,5,1.75,1550,10500,1,3
250000,4,1.75,1710,7140,1,5
405500,3,1.5,1010,8108,1,5
452000,6,2.25,2660,13579,2,3
730000,6,2.25,2660,13579,2,3
267000,3,2,1300,9644,1,3
289950,3,2.5,1670,6186,2,3
565000,2,1,960,4080,1,5
1.58E+06,4,3.25,4670,51836,2,4
636000,3,2.5,2140,2770,2,3
350000,5,3,2520,5500,1,3
320000,3,1.5,1650,9380,1,5
210000,2,1.75,1440,5680,1,4
245000,2,1,1050,5900,1,3
328000,3,1.75,1470,7650,1,3
985000,4,2.25,4230,37769,2,3
501000,3,1.75,1970,7972,1,5
315000,3,2.25,1540,17424,2,3
403000,3,2.75,2090,8354,2,3
550000,3,2,2380,17950,2,4
347500,4,2.5,2156,3562,2,3
365000,4,2.25,2070,8893,2,4
588000,3,1,1910,8167,1,4
605000,3,1.75,1920,7400,1,4
1.30E+06,3,3.25,3400,5979,2,4
233000,3,2,1400,9177,1,3
360000,4,2.5,2210,17715,2,3
459000,2,1.75,1170,4887,1,3
740000,3,2,2100,72745,1,4
305000,3,1,1160,9750,1,3
395000,3,1,1500,4000,1,3
560000,4,2.5,2940,6000,2,3
650000,4,1.75,2010,5070,1,4
449950,3,2.5,2170,4912,2,3
517500,3,1.5,1430,5200,1,4
435000,4,1.5,1510,6460,1,3
329999,3,1,1150,6908,1,3
950000,3,1.75,2150,4200,1,5
447000,3,1,1370,6001,1,5
699800,2,2.5,2380,6600,1,3
850000,3,1.75,1370,3850,1,5
316500,3,1.75,1600,14250,1,3
942500,5,3.5,3750,9612,1,4
1.31E+06,2,2.25,3950,3938,2,3
856600,4,2.25,2400,13430,1,4
405600,5,1.5,2830,4000,2.5,4
565000,4,2.5,2440,22594,2,3
400000,3,2.25,1190,1149,2,3
330000,3,2,1400,218252,1,3
374950,4,2.75,2730,4683,2,3
405300,3,2.75,2390,7939,1,5
560000,3,2.25,2060,31400,2,3
824000,4,2.25,2490,9864,1,4
260000,3,1.75,1100,10968,1,5
760000,4,2.5,2430,6099,1,5
405000,3,2.5,3170,12750,2,3
429900,4,2.5,2640,8625,2,3
341500,3,1.5,1130,7223,1,4
465250,5,2,1940,7642,1.5,3
450000,2,2,1100,3000,1.5,3
390000,3,1,1200,10800,1,4
420000,3,2.25,2000,8030,1,4
269950,3,2.5,1890,4838,2,3
493000,4,2,1910,2874,1,3
370000,4,2.5,2710,5880,2,3
2.25E+06,5,4.25,4860,9453,1.5,5
305000,3,1,1250,23680,1,5
400000,3,1.75,1590,8219,1.5,5
320000,3,1.5,1240,1221,2,3
715000,4,1,2000,4800,2,4
650000,6,2.75,3610,10003,1.5,4
218000,5,1.75,1930,8040,1,4
500000,2,1,1280,5400,1,3
460000,4,2,2090,40419,1,4
232500,3,1.5,1940,9887,1,4
408200,3,2.5,1800,5761,2,4
522000,3,1.75,1730,8400,1,4
675000,4,2.5,2810,11120,2,3
1.36E+06,4,3.5,3550,11000,1,3
249950,4,1,1330,7980,1.5,3
210000,2,1,750,34133,1,3
429950,4,1,1760,7216,1,3
737500,4,2.5,3200,36276,2,3
710000,4,2,1740,9000,1,5
470000,3,2.5,2100,4700,2,3
1.10E+06,4,3.5,4270,40097,1,4
650000,3,2,1340,2720,1.5,3
1.22E+06,4,2.5,3190,8684,1,5
422120,3,2.5,1630,4534,2,3
625000,5,2.5,2990,15085,2,3
385200,4,1,1550,7740,1.5,3
500000,3,2.25,1690,4964,2,3
308000,4,2.25,1960,12243,2,3
565000,3,2.75,2390,9966,1,5
581000,3,2.5,2600,4438,2,3
361000,3,2,1950,8698,1,3
345000,3,1,1250,7210,1,4
419000,2,2.25,1180,1253,2,3
347000,3,2.5,1680,4308,2,3
625000,4,2.25,2220,36085,2,3
2.40E+06,4,4.25,4890,15188,2,3
379000,3,3.25,2660,17852,2.5,3
310000,3,1.5,1150,3323,2,3
250000,2,2,1130,5500,1,4
682000,5,2.75,2760,5000,2,3
246500,3,2,1430,8919,1,3
325000,3,1,1490,57381,1.5,4
310950,4,2.5,2030,4997,2,3
1.10E+06,3,2,3010,5000,2,5
287500,3,1,1810,7200,1,4
431000,3,1,1810,7200,1,4
226000,3,1,970,5000,1,3
825000,3,1.75,2010,3090,1.5,5
175000,4,1,1300,6030,1.5,3
465750,3,1.5,1260,10350,1,3
659000,4,2.25,2610,24931,2,3
595000,3,1.75,1910,5753,1,3
350000,3,2.25,1780,16290,2,4
270000,4,2.25,1900,8600,1,4
662500,6,2.25,2450,25600,1,3
249900,3,1.75,1380,14000,1,4
324500,3,1.75,1920,11340,1,4
430000,2,1.75,1350,4003,1,3
419950,2,1.75,1350,4003,1,3
285000,4,1.75,2510,7440,1,4
332000,4,2.5,2470,7780,2,3
282000,4,1.75,1660,10725,1,3
320000,3,1,1340,5175,1,3
428750,3,1,1620,30736,1.5,4
330000,3,2.25,2300,35287,2,3
456500,4,3.5,2000,2309,3,3
352000,3,2.25,1640,11050,1,4
664000,4,2,1530,4080,1.5,4
628000,3,1.75,4000,11894,1,3
512000,3,1.75,1610,12555,1,3
254000,3,2,2070,9000,1,4
535800,4,2.5,1900,5790,2,3
287653,3,1,1050,16050,1,4
438000,3,2.5,1520,1304,2,3
450000,4,1.75,2390,23899,1,3
327000,5,2.75,2400,8050,2,3
370500,4,2.5,1790,6120,2,3
265000,3,2.5,1720,6271,2,3
450000,4,2.75,2980,13260,1,4
425000,3,1,1520,213444,1.5,5
166600,3,1.75,1150,8690,1,4
245000,1,0.75,380,15000,1,3
565000,3,1,910,5212,1,3
539900,3,1.75,1650,10150,1,3
910000,3,3.5,2480,3200,2,3
280000,4,2.5,2050,7416,2,3
275000,3,2.25,1420,8549,2,4
467000,3,2.5,3460,6590,2,3
457500,3,2.5,1500,4445,2,3
381156,2,1,1320,3090,1,4
289999,5,2.5,2180,8240,1,4
642450,3,1.75,1830,4160,1,3
469950,3,2.25,1620,8701,1,3
795000,3,2,2920,13650,1,5
785000,4,2.5,3300,10514,2,3
860000,3,2.25,3060,12095,2,3
1.10E+06,0,0,3064,4764,3.5,3
147500,3,1,1530,8498,1,3
390000,3,2,1910,11576,1,3
229000,3,1,1020,8100,1,3
185000,3,1,1150,8100,1,3
414900,3,1.5,1260,9570,1,3
200000,4,2,1920,4822,1,2
225000,4,2.25,1800,9350,1,3
720000,3,1.75,2040,4000,2,5
930000,4,2.5,2200,4000,2,5
1.27E+06,5,2.5,3200,17204,1,3
700000,5,3.25,2400,3118,2,4
466000,2,1.5,1140,1058,3,3
374000,3,1.5,1330,10640,1,3
480000,3,2.5,1940,10035,2,4
740000,3,2.5,3000,25341,2,3
1.01E+06,4,1,1820,5400,1.5,3
395000,4,2.5,2910,5000,2,3
340000,2,1,1090,6771,1,3
209000,3,2,1230,1340,2,3
431650,5,2.5,1710,7700,1.5,3
980000,5,2.5,3160,11470,1,4
660000,3,2.5,2680,28243,2,3
730000,4,2.25,2190,9009,2,4
291500,3,1.75,1260,9600,1,4
905000,4,3.5,2970,14486,2,3
800000,4,2.5,2570,50308,1.5,3
839900,4,3.5,3810,13592,1,3
200000,1,1.5,1010,1157,2,3
300000,3,2,1480,6698,1,4
530000,3,1.75,1250,6041,1.5,5
314950,3,2.25,1654,8479,2,3
255000,3,1.75,1410,9315,1,5
550000,5,2.75,2160,5720,1,5
435000,3,1,1400,4800,1,4
234000,3,1.75,1420,8738,1,4
615000,4,2.25,2500,10062,1,3
205000,3,2,1410,8384,1,3
384000,4,1.75,2100,7135,1,4
324000,3,2.5,1750,7208,2,3
645000,3,1.75,2070,5500,1,4
570000,3,3.25,1570,1777,2,3
324000,3,2.5,1920,5322,2,3
270000,2,1,1000,10320,1,3
290000,5,1.5,2120,7700,1.5,5
250000,3,2,1440,9220,1,3
342000,3,1.75,1660,16275,2,3
255000,3,1.5,1340,8450,1,4
800000,3,2.25,2380,11824,1,4
451000,3,1.75,1560,4049,1.5,3
990000,4,2.5,2780,10480,1,3
288400,4,2.5,1860,6687,1,4
420000,3,1.5,2390,4600,2,3
359000,2,2.75,1370,1140,2,3
390000,4,3,2570,262018,1,3
300000,3,2.5,1320,2614,2,3
545000,5,2.5,2520,7863,1,3
288349,3,1,1250,18616,1,4
299900,3,2.25,1560,35026,1,3
891000,4,2,2330,5000,1.5,5
1.20E+06,3,2,3660,22410,1,4
378000,4,2.5,2790,4650,2,3
299995,2,1,1060,7200,1,4
253000,3,2.5,2020,6564,1,3
350000,3,2.25,1580,47916,1,3
565000,4,3,2020,4300,1.5,3
315000,2,1,970,5665,1,4
570000,4,3,1490,6766,1.5,5
971000,5,3.5,4390,10140,2,3
915000,5,2.5,2750,5589,1.5,5
419000,4,1.5,2150,23568,1,4
260000,4,1.75,1810,7480,1,3
1.32E+06,3,3,2230,12968,2,3
369950,3,1,2430,10720,1,3
1.03E+06,3,2.5,3680,13384,2,3
435000,5,1,1410,6750,1.5,3
601000,3,1.75,1330,6743,1,3
460500,3,1,1490,10650,1,3
720000,3,2.5,2020,1159,3,3
851000,4,2.5,3130,13202,2,3
550000,4,3,2670,5000,2,3
700000,4,1,1980,4560,1.5,3
323000,3,1.75,2100,14850,1,4
345500,3,1,1350,8581,1,5
378000,4,1.5,2140,7920,1,3
650000,4,2,2208,5000,3,5
385000,3,2,1010,7380,1,3
425000,2,1,970,2970,1,3
210000,4,2,1520,6174,1.5,5
630000,4,2.5,2740,43101,2,3
335000,3,1.75,1570,7500,1,3
196500,3,1,1320,9000,1,3
582800,4,2.75,2550,7636,1,3
440000,3,1.75,1560,7207,1,3
752500,4,2.25,2360,8616,2,4
532500,3,1.75,1330,5000,2,4
265000,3,1,1070,9000,1,4
397500,3,1.25,1510,13737,1,4
524250,3,2.5,1710,3469,2,3
765000,4,2.75,2790,10819,2,3
648000,4,2.5,2620,5450,2,3
469500,5,2.5,2970,24759,1,4
237500,3,1.75,1050,7854,1,4
216000,3,1,1280,8712,1,4
427200,3,1,1030,8400,1,4
280000,3,2.25,1900,7800,1,4
718000,5,3,3070,9804,1,4
420000,2,2.75,1760,4139,2,3
379000,2,1,930,5400,1,3
326100,2,1,880,7683,1,3
535000,3,2.5,1360,1016,3,3
283000,4,2.75,2130,8560,1,3
260000,3,1,1480,7469,1.5,3
399000,4,1,1500,6388,1.5,4
484950,3,2.25,1670,5004,2,3
640000,4,1.75,2060,9828,1,4
585000,4,2.5,2160,8158,1,4
645000,4,2,2780,11583,1,3
253000,3,2,1490,7651,1,3
178500,2,1,740,6460,1,3
291000,4,2.5,1860,6325,2,4
199950,2,2.75,1590,20917,1.5,3
553500,2,1,850,2340,1,3
189950,2,1,1030,4188,1,3
289000,3,2,1850,9550,1,3
700000,4,2,1830,4590,2,3
270000,3,2,1560,8853,1,3
258000,4,1.75,1730,8320,1,3
530000,3,2.5,1930,7214,2,3
245000,3,2.25,1422,3677,2,3
563000,3,2,1380,5000,1.5,4
515000,3,2.5,2430,4203,2,3
325000,4,2.5,2610,7091,2,3
540000,3,2.25,2000,217800,2,3
280300,2,1,920,5000,1,4
460000,4,1.75,1750,5500,1.5,5
475000,3,1.75,2020,8970,1,4
900000,4,2.25,2460,44431,1,4
538200,4,3,1780,7260,1,4
429000,2,1,1080,3600,1,3
164808,3,1,1250,5411,1,3
520000,4,2.25,1870,7700,2,3
475000,3,1.75,1700,8432,1,3
283000,4,1.5,1480,47045,1,5
321500,4,2.5,1930,6228,2,3
840000,4,2.75,3130,21810,2,4
287000,3,2.25,1370,6000,2,4
375000,3,1.75,960,8106,1,3
349500,3,1.75,1260,7128,1,4
446450,3,1.5,1480,7749,1,5
315000,4,2.5,1930,9643,2,4
271310,2,1,870,5340,1.5,2
315000,4,1,1300,8400,1.5,4
245000,3,1.75,1490,6930,1,4
543115,2,1,1380,5484,1,3
900000,4,2,1190,8190,1.5,3
2.45E+06,4,4.25,4250,6552,2,4
554000,2,2,1920,6045,1,3
249900,3,1.75,2080,12522,1,5
768000,3,2.5,3220,54160,2,4
980000,4,3,3680,5854,1,3
395000,5,2.5,2070,9600,1,3
415000,3,1.75,1480,2200,2,3
380000,4,2.5,2000,6921,2,3
566000,3,2.5,1560,5259,2,3
218500,2,1,1600,8961,1,4
550000,4,2.5,1940,10500,1,4
512031,3,1.75,1540,3000,1,3
197500,2,1,820,8860,1,3
470000,3,2.25,1780,8784,1,3
590000,3,1.75,1560,242629,1,3
465000,4,2.25,2210,8862,1,4
499000,2,1.75,2040,114562,1,4
515000,3,2.25,1920,11500,1,3
716500,3,1.75,1930,5000,1,3
410000,3,2,1700,4250,1,3
850000,4,3.25,3450,6500,2,3
1.05E+06,4,3.25,3440,35021,2,3
648000,4,2.5,2380,13435,2,3
620000,4,2.25,2400,5350,1.5,4
935000,4,4.5,5670,84267,2,3
379000,3,1,1140,10320,1,4
699000,3,1.75,1670,5375,1,3
528000,4,2.25,1910,8005,1,3
425000,3,1.75,1560,9452,1,4
249500,2,1.75,1500,8645,1,4
1.04E+06,5,3.25,4475,6642,2,3
790000,4,2.75,2840,11900,1,4
399950,3,1,1020,18050,1,3
275000,3,1.5,1410,9000,1,3
550000,3,1,1520,2500,1.5,3
140000,1,1,730,6890,1,4
250000,3,1,1190,6250,1,3
318000,3,2.25,1410,8909,2,3
505000,2,1,1240,57000,1,3
470500,5,2.5,2500,9248,1,3
360000,3,1,1050,9206,1.5,3
1.24E+06,4,2.75,2680,8500,1,4
986000,3,2.5,2380,16080,1,4
515000,2,1,1060,4228,1,3
320000,3,1.75,2300,41900,1,4
310000,4,3,2010,7426,1,5
356700,2,1,1090,5000,1,4
775000,4,1.75,2320,5595,1,3
325000,3,1,1040,7541,1,3
208000,4,2.75,1810,8677,1.5,3
825000,2,1,1150,12775,1,4
515000,3,2.5,2360,11254,1,3
490000,3,1.5,1970,3400,1.5,4
675000,4,3,2690,28300,1,3
360000,4,2.5,2080,4080,1,5
550000,4,2.5,2080,4080,1,5
225000,3,1.5,1370,9000,1,3
500000,3,2.75,3410,9360,1.5,4
385000,4,2,1850,11700,1,4
837700,5,2.75,3010,12611,2,3
448000,3,2.25,1530,3056,2,3
730000,5,1.75,2690,21357,1,4
575000,4,1.5,2810,7140,1,3
430000,3,1.75,1810,7300,1,4
435000,3,2.5,1560,3987,2,3
241000,3,1,1010,9611,1,4
453500,2,1.75,1000,1760,1,4
285000,2,1.5,990,1380,3,3
151000,2,1,720,4222,1,4
1.57E+06,5,4.5,6070,14731,2,3
631000,5,2,2270,2400,2,3
285000,2,2.5,1380,1073,2,3
195000,3,1,1260,8378,1,4
817500,4,2.5,2910,35679,2,4
550000,3,2,1810,12825,1,4
1.13E+06,4,2.5,3160,8281,2,4
609850,2,2.75,1910,1369,3,3
200000,3,1,1230,4380,1,3
367000,4,2.5,2960,6219,2,3
285167,3,2.25,2200,8375,2,3
275000,2,1.5,1270,32175,1,4
350900,4,2.5,2540,12843,2,3
660000,4,3.25,3030,9273,2,5
525000,3,1.75,1520,8835,1,4
262000,4,2.5,1560,7800,2,3
690000,2,1,970,4560,1,4
624000,5,3.75,3570,14648,2,3
353000,3,1,1350,7740,1,4
552500,4,3.5,3710,10400,2,3
224500,4,1,1430,8355,1.5,4
239000,3,1,940,8571,1,3
975000,5,4.5,4300,12250,2,3
1.20E+06,4,1.75,3990,13470,2,3
505000,3,1,1380,4000,1.5,3
302000,4,1.75,2020,7865,1,4
170000,3,1,1480,5670,1,3
195000,2,1,1190,27007,1,4
272000,5,1.5,2550,6300,1,4
369000,5,1.5,2550,6300,1,4
332500,3,1.5,1500,6332,1,3
515000,3,2.5,3000,8250,1,4
269000,3,1,1690,4250,1,3
1.28E+06,4,4,4390,17832,1,4
303000,3,2.5,1560,4100,2,3
420000,7,3,2940,8624,1,3
400000,3,1,1130,4100,1,3
225000,3,1,1020,8437,1,5
219000,2,2,1310,2550,2,3
605000,3,2.5,2570,9487,2,3
625000,4,2,2020,6867,1,5
380000,5,2,1680,3240,1,3
620000,4,2,1770,7700,1.5,4
687500,4,2.75,3190,10970,2,3
225500,4,2,1440,7950,1,5
252500,3,2,1150,6000,1,5
510000,3,2.5,1860,3658,2,3
510000,4,2.5,2430,5203,2,3
725000,3,2.5,1940,4000,1.5,5
75000,1,0,670,43377,1,3
492000,2,1,880,2970,1,3
425000,4,2.5,1930,14196,1,4
1.96E+06,4,2.75,3120,7898,1,4
298900,3,2.5,1830,6162,2,3
699000,4,2.5,3230,40319,2,4
310000,2,1,700,3000,1,4
350000,3,1.75,1010,8580,1,3
790000,4,1.75,2460,10061,1,3
305000,4,2.5,2230,5000,2,3
315000,3,2.5,1570,2865,2,3
267500,5,3.5,2390,6600,2,5
1.75E+06,4,3.25,3460,7749,2,3
435000,6,3.5,2400,8620,2,3
482500,6,4.5,2940,7500,1.5,4
5.11E+06,5,5.25,8010,45517,2,3
439995,3,1.75,1570,8400,1,4
460000,3,3,1520,7500,1,3
194000,3,1,1070,6440,1,4
290000,2,0.75,440,8313,1,4
274700,4,2,2440,9600,1,5
900000,4,2.5,2660,3672,2,5
1.15E+06,4,4,4460,103382,2,3
605000,3,2.5,2010,3667,2,3
359000,3,2.5,1450,3850,2,3
850000,3,1.75,1400,9900,1,3
505000,3,2,1500,2500,2,3
565000,3,2.5,2500,7394,2,3
585000,2,1.75,1280,7110,1,4
328000,4,3.25,3380,7500,2,3
749950,4,2.75,2910,18700,1,3
826000,4,2.5,3060,7140,2,3
535000,3,1,1330,40259,1,4
925000,4,2.5,3300,101930,2,4
875000,3,3.5,3250,6000,2,3
902000,4,2.25,2530,9200,1,5
423000,3,1,1830,13900,1,3
235000,3,1,1170,11100,1,4
545000,2,2,2930,14057,1,4
343000,2,1,1230,7560,1,3
334950,3,2.5,1620,2930,2,3
405000,3,1.75,1760,5355,1,3
220000,4,1,1440,8250,1,3
173000,2,1,1740,8100,1,3
655000,3,1,1270,3600,1.5,3
406000,2,1,880,3000,1,3
632000,6,2.5,2560,8320,1,3
357000,5,2.75,1540,4000,1,3
361000,3,1.75,1150,17585,1,3
277000,2,1,770,8149,1,3
630000,4,3.75,4610,40202,1,4
254000,3,2.5,1850,4597,2,3
472800,3,2.25,1840,8400,1,3
263000,3,1.75,1490,3800,1,3
510000,3,1.75,1490,3800,1,3
179950,3,1,960,10125,1,4
525000,4,2.25,1580,7307,1,3
479000,3,2.5,1260,889,3,3
651000,3,2,1940,6440,1,5
949000,4,1.75,2490,7834,1,4
392400,5,2.5,2520,27951,1.5,3
585000,4,1.75,1760,5356,1,4
460000,4,2.5,4190,7504,2,3
470000,3,1,1170,4400,1,3
245000,3,2.5,1600,4271,2,3
500000,4,2,2760,27631,2,4
455000,3,2.5,2090,8653,2,3
485500,4,2.5,2320,3974,2,3
1.88E+06,5,3.25,4110,7920,2,3
100000,2,1,770,17334,1,3
307000,3,1.75,1410,16105,1,3
475000,4,3.5,3660,14401,2,3
330000,4,2.5,2180,7210,1,3
130000,3,1,1110,7520,1,4
320000,3,2.5,2280,7417,2,3
735000,4,2.5,2820,6180,2,3
365000,4,2.5,1570,9600,1,3
234000,3,1.5,1200,11935,1,4
211000,4,2,1710,8288,1.5,3
680000,6,3.5,3000,6320,2,3
457000,4,3,2800,7845,2,3
349000,3,2.25,1640,7261,2,3
360000,3,2.75,2030,6840,1,3
350000,4,2.5,2530,10155,2,3
208000,3,1,990,7420,1,5
250275,2,1,790,11234,1,4
435000,2,1,790,11234,1,4
270000,3,1.75,1800,7763,1,3
438000,3,1.75,1650,12940,1,4
659000,4,2,1980,23625,2,3
645000,4,2.75,2340,6350,1,4
685100,4,2.5,2790,5423,2,3
350000,7,3,2800,9569,1,3
375000,2,1,1840,81892,1,3
170000,3,1.5,1350,81549,1,2
880000,4,2.5,3030,3841,3,3
410500,4,2.5,1980,5000,2,3
780000,4,2.5,3690,13609,2,3
1.23E+06,5,4.5,3732,4426,2.5,3
449000,2,1.75,1510,6852,1,3
546000,3,1.75,2000,5000,1,4
317000,3,2,1760,11410,1,5
276900,3,1,1270,7566,1,4
399000,5,2,2620,7030,1,3
495000,5,2.75,2630,10165,1,4
258000,3,1.75,2270,9000,1,4
600000,2,2.5,2410,102366,1,4
265000,3,2.75,1120,881,3,3
321000,5,2.75,3030,7000,1,4
682000,5,2.25,2120,4000,1.5,4
295700,4,2.5,1720,5805,2,3
609000,4,2.5,2150,37981,2,3
995000,3,4.5,4380,47044,2,3
530000,3,2.25,2010,11817,2,4
614000,5,2.5,3150,5150,2,5
390000,3,2.5,2500,21780,1,3
467000,3,2.5,1690,6642,2,3
484000,6,2.5,3300,13501,1,3
340000,3,2.5,1240,1115,3,3
302495,3,2.5,2200,7201,2,3
532500,3,1.75,1620,3360,1,5
441500,3,2.5,2420,9592,2,3
470000,4,2.5,2680,8062,1,4
2.30E+06,4,3.25,4250,8570,2,3
590000,3,2.5,2400,99752,1,3
320000,3,1.75,2300,12000,1,3
363000,2,2,920,1201,2,3
747500,4,2.25,2350,18600,2,4
750000,2,2.5,2630,7957,2,3
831000,4,3,2170,4000,2,4
403000,3,2.5,1700,4125,2,3
445000,3,2.5,2470,4565,2,3
345000,3,1,1250,17380,1,4
2.26E+06,3,3.5,3110,14872,1,3
371025,3,2,1530,8925,1,3
355000,2,1,960,6250,1,3
270000,3,1,1240,14110,1,4
425000,4,2.75,2440,15349,2,4
364808,3,1.75,2320,7875,1,3
320000,3,2.25,1580,6561,1,3
325000,4,2.5,2963,5797,2,3
350000,3,2.25,2470,10290,2,3
170000,3,1.5,1370,10176,1,3
255000,2,1,960,28717,1,4
550000,3,1,1130,7500,1,3
835000,4,4.25,4930,25714,2,3
420000,3,1,1150,5120,1,4
925000,4,2.5,2190,7350,2.5,5
389250,2,1.5,1490,4080,1,3
748000,3,2.5,2600,10183,1,3
284000,3,1.75,1530,9600,1,3
588000,4,2,1680,5000,1,3
372500,3,1.75,1680,8648,1,4
285000,4,3,1900,7194,2,4
360000,3,1,1570,9467,1,3
275000,3,1,1370,17859,1,4
428000,2,2,1350,4225,1,3
847000,6,2.5,3010,17864,2,3
316000,3,1,1010,7838,1,4
375000,3,2.5,2050,7205,2,3
533000,3,1,1670,4080,1,3
556000,5,2.5,3840,16905,2,3
225000,4,2,2220,14120,1,3
537250,4,2.5,2590,9530,1,4
255000,3,1,1180,13650,1,4
530000,4,2.5,2950,4836,2,3
5.30E+06,6,6,7390,24829,2,4
595000,3,2.75,2150,31238,2,3
548000,4,2,2100,8880,1,4
234975,3,1.75,1650,8073,1,3
600000,3,1.75,1620,1325,2.5,3
432000,4,1,1750,12528,1,4
455000,3,1.5,1380,6657,2,3
279950,3,1.75,1510,11234,1,3
267500,3,1.5,1600,9072,1,4
620000,4,2.5,1840,220308,2,3
110000,2,1,830,7590,1,2
625000,3,3.5,1810,1846,2,4
389000,2,1,910,7000,1,3
1.20E+06,4,2,2120,3360,2,3
788500,4,2.25,2510,133729,2,4
567000,5,2.25,2100,6936,1,3
515000,2,2.25,2690,15000,1,3
605000,4,2.5,2430,11870,1,5
430000,4,3.75,2452,4800,2,3
805000,2,1.75,1550,6000,1,3
567500,3,2.5,2080,4556,2,3
647500,3,1.75,1290,3870,1,5
495000,2,1.75,1850,2530,2.5,4
825000,4,2.5,3370,5000,2,3
435000,4,2.25,2730,7506,2,4
445950,3,1.75,1300,7800,1,5
960000,5,2.75,3040,10257,2,3
780000,4,3,2440,3600,1.5,5
274500,3,2.25,1720,9000,1,4
729953,5,3,3230,5167,1.5,4
464950,3,1.5,1200,890,2,3
620000,4,1.75,2350,18800,1,3
735000,4,3.5,3100,5600,2,3
450000,4,2.25,2040,9565,1,3
450000,4,1,2000,4676,1.5,3
842500,4,2.5,2160,5298,2.5,4
360000,3,2,1970,79714,1,3
585000,3,2.5,2270,100545,2,3
461000,3,2.25,1850,7923,1,4
345000,2,1,1350,4494,1,3
1.08E+06,3,2.5,3280,10302,1,3
643000,4,2.5,2270,8391,2,3
690000,4,2.5,2820,8307,2,3
282000,4,1,1200,11111,1.5,3
549000,3,1.75,2000,6130,1,4
815000,3,2,2310,6000,2,4
2.20E+06,5,4.25,4640,22703,2,5
700000,3,2.25,2330,11424,2,4
933399,3,2.5,3940,10360,2,3
290000,3,1,1440,11250,1,3
372000,4,1.75,1960,9300,1,5
450000,2,1.75,1250,2890,1,4
303700,3,2.5,1981,5700,2,3
672000,4,2.5,2440,10049,2,4
334000,4,1.5,1150,9360,1.5,3
260000,2,1,1120,5650,1,3
749950,3,1.75,1800,5700,1,4
330000,4,2.25,2380,122038,2,4
830000,5,3,2920,2808,2,3
1.13E+06,3,2.25,2790,13791,1,3
320000,3,1,1560,7552,1,4
260000,2,1,1550,15250,1.5,5
225000,3,2,1700,11475,1,5
279200,1,1,640,6350,1,3
520000,4,3.5,2680,10000,2,3
505000,3,2.5,1860,8060,2,4
234000,3,1.75,1490,8366,1,4
503000,4,2.5,2470,5044,2,3
606000,4,2.25,2390,8858,1,4
433500,3,1,1230,6000,1,4
250000,3,1.5,2840,10182,1,3
719000,3,2.5,2120,9307,2,4
381000,3,2,1770,14400,1,4
267000,3,2.5,2495,4400,2,3
275000,1,0.75,1170,14149,1,5
651000,4,2.5,2740,7140,2,3
439000,2,1,1050,5671,1,3
325000,2,1,1130,5070,1,4
490000,2,1,880,6380,1,3
519900,4,2.5,2403,6172,2,3
545000,4,2.75,3410,35040,2,3
1.06E+06,4,4,5320,20041,2,3
542000,4,1.75,1900,8250,1,4
465000,4,1.75,1810,21650,2,4
408000,2,2,1200,3900,1,3
292000,4,2.5,2060,5950,2,3
253000,3,1.75,1250,10122,1,3
280000,2,1,910,4662,1,5
658588,3,2.25,2560,41346,2,3
635000,4,2.25,1920,8910,1,4
439000,4,2.25,2240,8300,2,3
300000,3,2.5,1260,3855,2,3
345000,3,1.5,1360,13496,1,4
283500,4,2.25,2100,8050,2,3
425000,2,1,2110,4920,1.5,3
685000,3,1.75,2210,8955,1,3
750000,3,2.5,2360,12987,2,3
245000,4,1.5,1280,8000,1,3
585444,6,3.75,2740,6924,1,3
706000,4,2.5,2740,7571,2,3
445000,4,2,2630,9099,1.5,3
241000,3,2,1650,6000,1,3
1.18E+06,2,2.5,1770,7155,2,3
530000,3,1,1500,5750,1.5,4
350000,3,1.5,1430,12199,1,3
1.70E+06,4,3.75,3190,17186,2,3
389000,3,1,1280,9630,1,3
799000,4,2.75,2390,6820,2,4
1.40E+06,4,2.5,4040,9630,1,4
340895,2,1,920,8612,1,5
780000,4,2.5,2730,10281,2,3
350000,2,1.5,1320,73600,1,3
470000,3,2.5,2620,4874,2,3
914600,4,3,3180,80837,2,3
354000,4,2.5,2900,4762,2,3
470000,5,2,1900,6000,1.5,4
715000,3,2,1760,5400,1,5
265000,2,1,760,4000,1,4
2.54E+06,4,3,3710,20000,2,5
640000,3,1,1530,4944,1,3
290000,4,1.75,1990,18900,2,4
480000,5,4.75,3830,35000,1,3
535000,3,2,2040,5600,1,5
907000,3,1.75,2170,12220,1,5
459000,3,1.75,1620,7330,1,4
1.36E+06,3,2.5,3600,21399,1,3
264950,3,1.5,1470,11599,1,3
352950,3,1,1760,3000,1.5,1
491500,3,2.25,2230,13100,1,4
1.23E+06,4,3.5,3770,37034,2,3
369500,3,1,1200,9194,1,4
566000,3,2.5,2090,6294,2,3
290000,3,2.25,1500,7308,1,4
5.35E+06,5,5,8000,23985,2,3
180000,3,1,870,5330,1,3
215000,2,1,1010,6000,1,4
302000,2,1,1010,6000,1,4
352500,3,1.75,1860,7881,1,3
235867,4,2,1330,5926,1,4
500000,3,2.25,1760,11946,2,3
382000,3,2.25,1800,4500,2,3
515000,5,2.5,1690,2402,1.5,3
250000,1,1,660,2600,1,3
672500,3,2.25,2400,5300,1.5,4
755000,3,2.25,3020,13031,2,3
707500,3,1,1500,2555,2,3
459000,4,2,1560,3840,1,4
140000,3,1,1090,10620,1.5,3
495000,2,1,970,4284,1,3
757000,3,3.25,3190,5283,2,3
765000,3,3.25,3190,5283,2,3
359000,4,1.5,1890,6052,1,4
440000,3,1,1050,7500,1,3
400000,4,1.5,1390,7200,1,3
652000,3,2,1700,4080,1,4
260000,3,1.75,1050,5850,1,3
1.33E+06,5,3,3340,10796,1,3
519500,4,2,1540,17859,1,3
650000,3,1,1710,5992,1.5,4
280000,4,2.25,2100,8075,2,3
515000,4,1.75,1730,7980,1,4
400000,3,2.25,1500,2692,2,3
652100,3,2.5,2380,5017,2,3
235000,6,3,2180,7956,2,3
701000,4,1.5,1840,10080,2,3
640000,4,2.5,2341,9594,2,3
455800,3,2.5,1690,4584,2,3
504750,3,2.5,2490,21937,2,3
483000,3,3,2440,15540,2,3
530000,3,0.75,920,20412,1,5
250000,2,1,1030,8786,1,3
229950,5,2.75,2000,5885,1,3
884744,4,3.5,4210,9414,2,3
514000,3,1.5,1610,9964,1,3
532000,3,2.25,1910,35015,1,4
423000,4,2.5,2660,5539,2,3
420000,2,1,820,4025,1,5
521000,3,1.75,1730,18250,1,3
577000,4,2.25,2360,7490,2,3
425000,3,1,970,8040,1,3
495000,4,2.5,2460,4862,2,3
340000,3,2.5,2690,8577,2,3
499950,3,3.5,1820,1991,2,3
1.22E+06,4,3,3470,4750,2,3
720000,4,2.75,3370,7634,1,5
249000,3,1.5,1700,8247,1,3
206135,3,1,1340,11070,1,4
300000,5,2.75,2000,9276,2,4
612000,6,3,3840,14040,1.5,3
1.10E+06,5,2.5,3890,27311,2,3
230000,4,2,1220,9100,1.5,4
850000,3,1,2280,4600,1,3
355000,4,2.5,2770,7000,1,4
442000,4,2.5,2520,7253,2,3
399000,4,3,3060,5000,2,3
360000,4,2.5,2390,7115,2,3
390000,3,1.75,1320,7725,1,3
413000,5,2.5,2900,8711,1,3
190000,2,1,700,9500,1,3
432900,3,2.5,2210,9226,2,3
621138,3,2.25,2180,7741,2,3
270000,3,2.25,2080,4252,1.5,3
610000,4,2.25,2090,35040,1,3
500000,3,2,1720,5525,1,5
715000,4,2.25,2460,40635,1,5
264000,3,1.5,1470,14821,1,4
550000,3,1.75,1650,3200,1.5,3
337000,3,2,1690,9087,1,3
170000,3,1,970,8710,1,4
405000,4,2.5,2030,9095,1,4
775000,4,2.5,2540,28563,1,3
425000,3,2.25,1570,7475,1,4
713000,5,2.75,2580,9242,2,4
555000,5,2.5,2090,8712,1,3
810000,4,2.5,3260,5608,2,3
1.25E+06,4,3.75,3830,41263,2,4
819000,3,3.5,2130,6150,2,5
409900,3,2.5,1690,1200,2,3
935000,2,2.5,1780,2067,2,5
657500,4,1.75,1620,7560,1,4
900000,6,3.75,4210,6105,2,3
932800,5,3.25,2980,7095,2.5,3
391000,3,2,1490,9000,1,4
420000,4,2.5,2110,9825,2,3
1.30E+06,6,3.5,6563,32670,2,3
415000,3,1.5,1510,16800,1,5
350000,3,1.75,1830,9425,1,3
375000,2,1,1230,1820,2,4
860000,3,1.75,2180,14135,1,5
495000,4,2.25,2220,8872,1,4
250000,4,2.25,1730,8400,1,3
365000,4,2.25,1990,21312,1,4
503000,3,2.75,1540,6760,1,5
150000,2,1,1100,7200,1,4
450000,4,1.75,1640,1480,1,4
355000,4,3,2590,7213,2,3
245000,3,2,1450,9333,2,4
265900,3,2,1180,7793,1,4
299000,4,2.5,1820,7575,1,3
957500,4,2.25,2360,11523,2,4
343000,3,1,1120,7250,1,4
307500,3,2.25,1646,7364,2,3
937500,5,3.75,4210,14599,2,3
610000,3,3,2480,45302,1,4
720000,3,1.5,1590,7080,1,3
610000,4,2,2130,2620,1.5,5
434500,3,1.75,1650,7965,1,4
602500,2,2.5,3090,47044,1,4
607010,4,2.5,2180,4000,2,3
610000,3,1,1800,5750,1,3
828500,4,2.5,3720,35000,2,3
199990,3,1,1100,8560,1,3
294000,3,1.75,1530,9362,1,3
789500,4,2.5,3010,6100,2,3
797000,3,3.5,3500,9473,2,3
539950,5,3,3100,5250,2,3
284950,4,1.5,2000,6778,1,4
776500,4,1.5,2290,10372,1,3
525000,4,2.5,2400,10070,1,3
303000,3,2.5,1850,4957,2,3
722080,3,3.25,3680,7650,2,3
140000,3,1,1060,7473,1,3
235000,3,1,1060,7473,1,3
440000,3,1,1610,5500,1.5,3
605000,3,1.75,2330,6000,1.5,4
380000,2,1,1210,4800,1,3
352000,4,1,1530,8890,1,3
420000,4,2.25,2270,12000,1,4
1.18E+06,4,2,2590,7220,2,4
1.38E+06,3,1.5,1850,10572,1,4
300000,3,1.5,1500,14750,1.5,4
1.15E+06,4,3.25,4740,49091,2,3
453500,2,1.5,1710,4189,1,5
443500,3,2,1920,7598,1,4
332000,2,1,1150,8138,1,3
655000,3,2.5,2320,4721,2,3
475000,4,1,1420,6000,1.5,3
372500,3,1.75,1550,12956,1,3
1.05E+06,4,2.5,2920,7200,1,3
500000,3,1.75,1620,4200,1,5
900000,6,2.75,2300,24773,1.5,4
327500,3,1,1070,7140,1,3
390000,3,1.75,1790,7123,1,3
451101,2,1.5,1510,1962,2,4
455000,4,1,1340,5800,1.5,3
650000,4,2.5,3350,46748,2,3
895000,3,2.5,2500,7746,2,4
800000,4,2.25,2350,10664,1,2
703770,4,2.25,2550,12918,2,3
249950,3,1.75,1320,10454,1,4
512000,2,2,1270,3881,1,4
780000,5,2.5,3480,74052,1,4
336000,3,2.25,2820,11625,2,3
285000,3,2,2110,6900,1.5,5
229900,3,1.75,1100,7224,1,3
667500,4,3,1920,4000,1.5,4
378000,4,2.5,1890,12236,1,3
454000,3,2.5,2530,43733,2,3
537500,4,2.5,2550,4630,2,3
425000,3,1,1550,4160,1.5,4
290000,3,2,1760,6600,1,3
349500,3,2,1270,3600,1,3
370000,3,2.75,1250,1655,2,3
549500,3,1.75,1620,8438,1,4
245000,2,1,710,6322,1,3
208000,3,1.75,1070,7200,1,3
248000,4,2.25,2320,8760,1,4
610000,4,3.25,5450,37058,1.5,5
550000,4,2.5,1670,5116,2,3
750000,3,2.75,3010,206910,2,3
192000,2,1.75,1340,7380,1,3
169317,2,1,790,4000,1,3
1.20E+06,4,3.5,3400,3850,2.5,3
880000,2,1,1530,6350,1.5,4
210000,1,1,930,7129,1,3
180500,3,1.5,1540,9800,1,3
540000,4,2,1990,29078,2,3
520000,3,1.75,2300,35722,1,3
177500,3,1.5,1220,6000,1,3
415000,3,1.75,2380,5650,1,4
495000,4,2.5,2020,7200,1,5
325000,3,2.25,1890,9646,1,3
440000,2,1.75,1330,4903,1,3
411000,3,1.75,1490,9844,1,4
810000,5,3.5,3550,9600,2,3
561750,5,1.75,2040,8996,1,4
835100,4,2.5,2380,12573,1,4
450000,3,2.25,1780,9969,1,3
238000,3,2.5,1650,2807,2,3
299000,3,1,1510,142803,1,3
570000,2,1,1100,6240,1,4
340000,3,1.75,2190,12626,2,4
450000,2,1.75,1760,2275,1.5,3
272750,4,1.5,1800,8786,1,3
520000,4,2,2000,6380,2,4
284950,3,1,990,10723,1,5
255000,2,1.5,1480,9660,1,3
231500,2,1,1200,9488,1,5
415000,1,2,3000,204732,2.5,3
330000,4,2.5,3504,6000,2,3
365000,3,1.5,1300,12240,1,3
425000,4,2,1330,9188,1.5,3
400000,4,1.75,1850,6480,1,4
335000,4,2.5,2240,9701,2,3
342000,3,3,1260,1251,2,3
490000,8,5,2800,2580,2,3
331500,4,1.75,1820,14319,1,4
960000,3,2.5,1730,4102,3,3
720500,4,2.5,3350,35298,2,4
830000,3,2.5,3370,6550,2,4
662990,3,1.75,1240,3600,1.5,5
220000,4,2,2340,10507,1.5,4
349950,5,2,1880,4179,1,3
550000,3,2,1810,2159,1,3
396000,3,1.75,2340,5668,1,4
635000,4,1.5,2820,4000,2,3
293000,3,1,1020,7650,1,3
339000,3,2.25,2090,10120,1,4
285000,4,2.25,1830,8734,2,4
775000,6,2.75,2980,5000,1.5,3
224000,4,1.5,1600,9289,1,4
2.25E+06,4,3.5,4440,8125,2,5
165050,3,1,1200,8514,1,3
275000,3,1.25,1230,4500,1.5,4
445000,5,3,2930,5500,1,3
510000,3,2.25,2370,38639,1,3
1.23E+06,4,2.5,3040,7000,2,3
390000,3,1.5,1610,13500,1,3
460000,3,2.25,2350,10450,1,3
700000,3,1.75,2000,14733,1,4
874150,4,3.5,3530,14406,2,3
470000,3,2.25,2220,9800,2,3
374000,3,1.75,2000,9416,1,4
510000,2,1.75,1210,131115,1.5,5
467000,2,2.5,1140,1181,3,3
576000,4,2.5,2440,28405,2,3
196440,3,2,1560,7352,1,3
825000,4,2.5,3210,18901,2,3
281000,2,1,930,2600,1,3
326000,3,2.5,1782,1577,3,3
340000,3,1.75,1740,46580,1,4
440000,5,1.75,3690,36036,1,3
749000,4,2.5,2930,18199,2,3
340000,4,1,1230,8316,1.5,3
561000,3,2,2000,7000,2,3
270000,3,2.25,1520,7930,1,3
600000,2,1,1040,3600,1,4
219900,4,1.5,1120,5427,1,3
617000,3,1.75,3020,360241,2,3
469000,3,2.25,1820,8446,2,3
229000,3,1,1370,56628,1,3
1.27E+06,4,3,3130,2646,2.5,5
365000,3,1.5,1640,8301,1,3
429000,4,2.5,2650,9301,2,3
550000,4,2.5,2850,6809,2,3
453000,3,2.5,1820,16300,1,4
187500,3,1.5,1180,7000,1,4
520500,6,2.5,1880,14350,1,5
300000,3,1.75,1280,12776,1,4
799000,4,3.25,3120,5000,2,3
338000,3,2.5,2470,4948,2,3
800000,3,1,1700,4400,1.5,4
360000,2,2,1180,3200,1,4
442500,6,2.5,2800,10490,1,3
700000,4,1,1300,1651359,1,4
830000,5,3,3040,9601,1,5
360400,3,2.5,1630,11592,2,3
345000,3,1,1340,9339,1,5
300000,3,1.75,1830,51836,1,4
350000,3,1,1240,10800,1,5
368000,4,2,2500,36900,1,3
264000,3,1.75,1760,7482,1,4
435000,3,2,2660,16677,1,3
200000,3,1.5,2060,15837,1.5,3
620000,5,2.5,2540,3832,2,5
1.68E+06,5,4.25,4830,11466,2,3
337000,3,1.75,1400,6000,1,4
1.93E+06,4,3.25,4280,20296,2,4
544500,4,2.5,2230,10414,1,5
252000,1,1,680,1638,1,1
445000,4,2.5,2340,3784,2,3
379500,3,2.25,2070,14196,2,3
189950,4,2,1910,4225,1,4
469000,3,1,950,4250,1.5,5
600000,5,2.75,2910,53898,1,5
785000,3,2.5,2930,33981,2,3
372000,4,2.75,2610,8967,2,4
445000,5,3,3880,7180,2,3
508000,4,2.25,3320,53392,2,4
780000,5,1.5,1940,4800,2,3
541100,4,2.25,2510,9800,2,3
729000,4,2.5,2660,5608,2,3
397000,3,2,1710,134489,1,5
451555,2,1,1320,4520,1,3
300000,2,1,960,8153,1,3
416000,3,2.5,1790,11542,1,5
490000,2,1,950,3060,1,3
480000,6,3.75,2940,5054,2,3
368000,2,2,930,1662,1,3
1.04E+06,3,2.5,4570,10615,2,3
545000,3,2.5,2370,9000,1,4
850000,5,2.75,3430,15119,2,3
550000,4,3.5,3540,4750,2,3
600000,3,2.25,2240,9314,2,3
535000,4,2.5,2710,12138,1,3
599950,3,2.5,2660,4975,2,3
531000,5,2.75,2540,5022,1,4
530000,4,2.25,2210,7665,2,4
597326,4,4,3570,8250,2,3
805000,4,2.5,3450,33460,2,3
390000,4,1.75,2330,8364,1,4
487250,4,2,1690,3250,1.5,3
301000,3,1.5,1030,8414,1,4
1.18E+06,5,2.75,2560,5618,1.5,3
299000,4,2.5,1950,3000,2,3
2.35E+06,4,2.25,4370,22863,2.5,4
400000,4,2.5,2350,3904,2.5,3
467500,4,2.5,3160,7210,1,4
305000,4,2.5,2430,9103,2,3
210000,3,1,1340,306848,1,3
300000,3,1,1010,10168,1,3
327500,3,2.25,1770,8755,1,3
269000,3,2,1210,7136,1,3
975000,4,3.25,3330,17533,1,3
355000,3,1,1240,5400,1,4
712000,3,1,1250,4620,1.5,4
883000,4,2.5,2960,41656,2,3
190000,2,1,840,12252,1,3
443000,3,1.75,1530,8028,1,3
920000,4,3,3750,11025,2,3
285000,4,2.25,2150,8250,1,4
901000,4,3.25,1560,4080,1,3
552500,3,1.75,2040,5775,1,3
256000,2,1,860,5000,1,3
341000,3,1.5,1720,7119,1.5,4
279000,4,2.25,2090,8941,2,3
686000,4,2.25,2130,10650,2,4
225000,2,1,1300,11867,1.5,4
215500,2,1.75,1220,15600,1,3
950000,4,3,2420,4800,1.5,3
503000,4,2.5,2940,156988,2,3
780000,3,2.5,2610,7567,2,3
212000,4,2,1880,7500,1,5
580000,4,2.75,2330,6703,1.5,3
465000,4,2.5,2200,3141,2,3
206000,4,2,1720,7560,1,3
615000,3,2.5,2250,10171,2,3
519000,4,1,1640,6305,1.5,5
1.14E+06,4,3.25,4130,11444,2,3
330000,5,2.5,2600,3839,2,3
240000,4,1.5,1920,7973,1,3
574000,3,2,2060,7000,1,4
930000,4,4.25,5710,24663,2,3
850000,4,3,2720,183823,2,3
415000,3,1.5,1490,7275,1,3
480000,3,2.5,2360,9005,1,5
300000,5,1,1940,8875,1,3
439000,4,2.25,2570,9503,2,3
450000,3,1,1160,36831,1,3
589000,3,2.5,2660,206480,1,3
477000,3,2.25,1260,3000,2,3
587500,4,2.25,1780,6120,1,3
1.32E+06,4,2.25,3180,6105,2,3
1.43E+06,4,2.5,3380,27589,2,3
700000,4,2.25,2690,15000,2,3
275000,2,1,1180,6552,1,4
367500,3,1,1660,11783,1,4
453250,4,2.5,2260,6300,2,3
607000,5,1.75,1910,5428,1,3
255000,4,2,2430,8960,1,3
501000,2,2,1300,2500,1,4
450000,3,1,1060,4650,1,3
360000,3,2.25,2200,8000,2,3
460000,4,1.75,1720,3050,1.5,5
753000,3,1.75,2360,8290,1,4
389950,2,1,820,4234,1,3
469000,2,1,1030,4400,1,3
550000,4,1.75,2030,5688,2,4
565000,5,3.5,2700,11675,1.5,4
189650,2,1.75,1100,7600,1,3
1.53E+06,4,3.25,3620,5131,2,4
260000,3,1.75,1340,8000,1,3
243000,3,1.75,1790,12000,1,3
1.10E+06,4,2.5,3830,13800,1,4
249000,3,1.5,1580,7200,1,4
720000,2,1,2020,7200,1,4
905000,4,2.5,3330,9557,2,3
824500,4,2.5,2610,3500,1.5,5
762500,4,2.75,2610,8760,1,4
580000,3,2.5,1740,1280,3,3
380000,3,2,1840,8580,1,3
805000,3,1.75,1080,3200,1,4
520000,4,1.75,1240,4532,1.5,4
1.57E+06,5,4.5,5620,5800,3,3
175000,2,1,1170,8925,1,3
353500,4,2.25,1760,9602,2,3
500000,4,2.5,2230,26989,1,4
386500,3,1.75,1520,7350,1,4
210000,2,1,1450,4750,1,3
439500,3,2.5,1600,6510,1,3
315000,5,2.5,3220,5751,2,3
339000,4,2.5,1830,8601,2,3
655000,4,2.25,2200,9163,1,4
740000,2,2.5,2170,8678,1,3
685000,5,2.5,1900,7843,2,5
550000,5,2.5,2960,9877,1,4
405000,2,1.75,1710,4234,2,3
765000,4,2.25,2620,17366,1,3
625000,3,2,2140,3600,2,3
207000,4,2.5,2100,19680,1.5,3
370000,4,2.5,2100,19680,1.5,3
475000,3,2.5,1460,4961,1,4
365000,2,1,990,8250,1,3
411800,4,2.25,2190,6800,1,5
668000,5,3.5,3990,42436,2,3
618000,3,2.5,2340,3630,2,3
247500,4,2,2460,5921,1,4
345000,5,3,2080,6150,1,3
616300,3,2,1700,8400,2,3
348000,3,1.5,1330,6768,1,4
425000,3,2.5,1630,10762,1,3
850000,5,2.75,2920,11880,1,5
820000,5,2.75,2830,6137,2,3
832000,4,2.25,3190,52953,2,4
835000,3,1.75,1490,3840,2,3
350000,3,2.5,1630,3425,2,3
349000,4,2.5,2280,4096,2,3
1.13E+06,6,3.75,3010,4360,2,3
320000,3,2.5,1590,3480,2,3
150000,3,1,1250,7210,1,4
340000,3,1,1710,10190,1,3
785500,4,4,3280,8448,2,3
410500,4,2.5,3362,8601,2,3
580000,3,2.5,2200,11000,2,3
345000,2,1.5,830,920,2,3
550000,3,2.25,2160,37000,1.5,4
449500,4,3,2580,7299,2,3
300000,3,1,2150,7007,1,3
915000,4,2.5,3510,28052,2,3
1.58E+06,4,3.75,3810,9916,2,3
599000,4,2.75,2020,2750,1,3
755000,4,2.5,2120,10202,1,4
400000,3,1,1250,7157,1,3
133000,3,1,980,9115,1,3
330000,4,1.5,1250,8400,1,3
330000,4,1,1100,5000,1.5,5
375000,3,1.75,1330,9417,1,5
485000,4,2.75,2560,8956,1,4
470000,4,2.5,1850,11250,1.5,3
1.05E+06,4,3,2790,3600,2,3
548800,4,1,1660,4704,1.5,3
315000,2,1,1080,2674,1,4
590000,3,2,3030,9374,1,4
439950,4,2.5,2380,12067,2,3
325000,3,1.75,2250,26337,1,3
400000,2,1,880,5111,1,3
685000,4,2.5,2770,10051,2,3
339950,3,2,1340,10200,1.5,3
315000,3,1.75,1660,8160,1,4
411753,3,2.5,1710,3795,2,3
577000,2,1.75,1620,4879,1,3
500000,3,1.75,1530,8829,1,5
210000,3,2,1440,10111,1,3
640000,4,1.75,2020,16120,1,3
460000,4,1.75,1870,8663,1,5
265000,2,1,620,4760,1,3
740000,5,5,5774,31675,1,3
230000,3,1,1240,6195,1,3
315000,3,1.75,1890,10661,1,5
432000,3,1.75,2410,51763,1,4
467000,3,2.5,1530,3984,2,3
255000,5,3.75,2800,9900,1,3
316500,3,1.75,1460,6360,1,3
190000,4,2,1580,6250,1,3
490000,3,2,1450,2400,1.5,3
378000,4,1.75,1990,23200,1,4
598800,6,4,4470,17877,3,3
333800,5,3,1980,3868,1,3
690000,4,2.5,2920,9904,2,4
320000,4,1.75,1660,6200,1,4
1.25E+06,4,3.5,3190,6000,1.5,4
335000,3,1.5,1560,9600,1,4
840000,3,2.5,3050,33920,1,3
608250,4,2.75,3030,21780,2,3
550000,3,2.5,2260,4165,2,3
240000,3,1,1260,7920,1,3
998000,3,2.25,3370,11757,2,4
275000,3,1.75,1490,8000,1,3
284200,3,2.5,1570,9292,1,3
1.72E+06,4,3.75,4490,7623,2,4
2.40E+06,4,3.75,4090,24825,2,4
930800,5,2.5,4150,96574,2,3
930000,4,3,2900,10400,1,5
215000,4,1.5,1430,8775,1,3
480000,2,1.5,1008,26487,1,4
483945,2,1.75,1480,5120,1,4
347000,3,1.75,1240,8050,1,4
232500,3,2,1370,9760,1,4
390000,4,2.25,1770,33132,1,4
550000,3,2.25,2160,15360,1,3
590000,4,2.5,2340,8971,2,3
420850,1,1,960,40946,1,5
345000,4,2.5,2280,8190,1,3
429800,3,2,1970,7000,1,3
302000,4,1.75,1530,17664,1.5,3
800000,4,1.5,1790,3952,1.5,4
250000,3,2.5,1700,6000,2,3
605000,3,2,2660,4500,1,4
412000,3,1.75,1950,52256,1,4
252000,3,2,1340,5670,2,3
375000,3,1,1130,12500,1.5,3
725000,2,1.75,1950,2719,1,5
471750,5,3.5,3790,8200,1,3
490000,4,2.25,2020,85813,2,3
439000,2,1,800,5100,1,3
355000,4,2,1770,8890,1,5
250000,1,0.75,940,87120,1,3
780000,4,2.25,2260,16188,1,3
409000,2,1,890,3271,1,4
420000,2,1,860,3880,1,4
200000,1,0.75,680,9600,1,3
830000,2,1.5,2130,35679,1,4
695000,3,2.5,2390,4555,2,3
815000,4,2.75,3488,9614,2,3
210000,3,1.75,1260,6223,1,3
635000,3,1.75,2940,6000,1,4
562500,4,2.5,2440,7322,2,3
402500,4,2.5,2600,11951,2,3
555000,3,2,2080,7020,1,4
310000,3,1,1990,7173,1,3
500000,4,2.5,2840,18001,2,3
430000,6,3,2630,8800,1,3
1.60E+06,3,4.25,2820,7200,2,4
627500,4,1,1560,4080,1.5,3
335000,4,2.5,2330,7050,2,3
962000,4,2.25,3320,20100,1,4
299000,3,1.75,1730,14270,1,3
399950,4,2.5,3110,5868,2,3
322000,3,1,1230,9660,1,3
430000,2,1.5,950,4625,1,4
307000,3,1.75,1890,13860,1,5
194000,3,1.5,1010,5000,1,3
180000,3,1,1010,8581,1,4
465000,4,2.25,2340,13383,1,3
722500,4,2.5,2460,9296,2,3
470450,2,1,1010,3400,1,3
280000,3,2.5,1650,6000,2,3
176250,4,2,1440,6702,1,4
560000,5,1,1710,9100,1.5,4
830000,3,2.5,2760,11287,2,3
276900,2,1,1350,10096,1,4
625000,3,1.75,1660,4800,2,3
1.02E+06,4,2.5,2960,4760,2,3
463500,1,1,1090,8750,1,4
485000,3,2.5,3110,9015,2,3
272000,3,2,1380,7476,1,3
305000,2,1,1290,3140,2,3
760000,3,2.5,1980,13964,1,5
387500,2,1,870,6126,1,4
352000,4,2.5,2470,5015,2,3
507000,3,1.75,2140,40098,1,5
156000,3,1,770,9750,1,3
580000,3,3.25,1490,857,3,3
630000,4,2.5,2510,35020,1,4
275000,5,1.5,1950,9000,1,3
835000,5,4,3600,14720,1,5
340000,4,2.5,2380,7850,2,3
329350,2,1,720,6687,1,3
1.48E+06,3,3.5,4070,26000,2,3
475000,3,1,1250,150117,1,3
719950,3,2.25,2190,2416,3,3
235000,1,1,810,2451,1,5
875000,3,1.5,2440,5750,1,3
380000,4,1.75,1740,9150,1,3
325000,3,2.25,1480,97138,1.5,3
475000,4,2.5,2120,57050,2,3
152900,1,1,900,4368,1,5
210000,2,2,1190,7570,1,3
350000,4,1,1010,6000,1,3
505000,3,2.5,2100,17882,2,4
464900,4,2.25,2020,8424,1,4
650000,3,2,2520,5980,1,3
369950,2,2.75,1370,1140,2,3
250000,3,2.5,1530,2890,2,3
320000,3,2.5,1530,2890,2,3
2.53E+06,4,4.25,5040,16048,1,3
340000,4,2.25,2530,24700,2,3
440000,2,1.5,1010,1968,1.5,5
219950,3,1,1200,7727,1,4
940000,4,3,2720,11740,1,5
399950,4,1.5,1850,6125,1.5,3
1.57E+06,3,2.75,2340,8828,1,4
528000,4,1.75,1860,9750,1,3
545000,4,1.75,1940,8990,1,4
575000,2,2,1680,6194,1,3
235000,4,2.75,1770,10184,1,3
272000,3,2.5,1790,6371,2,3
380000,4,1.75,1720,9600,1,4
195000,3,1,1280,6967,1.5,3
297000,3,2.5,1690,4988,2,3
349000,4,2.5,2190,7294,2,3
320000,2,1,710,5200,1,4
319990,4,1.5,1890,10707,1,3
439900,2,2,1410,12282,1.5,5
429000,3,3.25,2210,3600,2,3
272500,3,2,1540,6250,1,3
400000,4,2,1350,7255,1,4
462000,5,2,1380,4300,1.5,3
510000,2,1,890,6095,1,3
550000,3,2.5,1900,3255,2,3
150000,3,1,1240,5200,1,3
460000,3,2.5,1730,8490,1,3
632500,4,2.5,2090,10306,2,3
361000,3,1.75,1650,11220,1,4
437000,3,2.25,1130,1221,2,3
370000,6,2.75,3240,5750,1,4
884250,4,2.5,3840,12151,2,3
225000,3,1,1200,9936,1,4
235000,2,1,870,5000,1,3
767500,6,3.5,2410,6000,2,3
1.20E+06,3,1.75,1560,8078,1.5,4
715000,3,2.5,2410,46609,2,3
417000,4,2.25,2300,7700,1,3
199000,3,1,1390,12145,1,4
875000,5,2.5,2920,5568,2,3
545000,4,1.5,1370,3708,1.5,3
192500,2,1,950,7692,1,3
822500,3,2.5,3090,7708,2,3
800000,4,2.5,2390,10000,1,3
1.25E+06,3,2.5,2070,4944,2,3
3.85E+06,4,4.25,5770,21300,2,4
295000,3,2.5,1460,7936,2,3
419000,2,1.75,1510,4980,1,3
1.20E+06,5,3.25,5180,19606,1,3
750000,4,2.75,3430,13907,2,3
502000,4,1.5,1700,8400,1,3
1.03E+06,3,1.75,2640,8000,1,4
398500,3,1,1200,15960,1.5,3
700000,2,1.5,1850,4945,1.5,4
248000,5,1.5,1510,9078,1,4
800000,4,2,2130,2800,1,5
383000,4,2.5,2640,8055,2,3
688000,4,3,3000,4000,1.5,3
521000,3,2,1870,5455,1,5
365000,2,1,990,9223,1,3
491000,3,2,2005,7000,1,3
643000,3,2.75,2030,7700,1,5
279000,3,2.5,1500,7350,1,2
583500,4,1,1530,3900,1.5,4
310000,3,2.5,1990,3600,2,3
310000,3,1.75,1420,7650,1,4
280000,3,1,1400,13975,1,4
272000,4,2.5,1870,5692,2,3
870000,4,3,3040,36246,1.5,3
307000,3,2,1790,7259,1,3
490000,2,1.5,1590,4500,1,4
399950,3,2,2050,9396,1,5
1.64E+06,5,3.5,4220,26784,1,3
989000,5,4.5,4030,13474,2,3
264950,4,1.75,1770,9011,1,5
491500,4,2.75,2100,7236,1,3
345000,3,2.25,2120,15003,2,3
339900,4,1.75,2600,18042,1,4
852000,3,3,2400,4000,2,3
585000,5,3.5,3180,40946,1,3
723000,4,2,2790,8793,1,4
594000,3,2.25,2080,70567,2,3
405000,2,1.5,1370,4102,2,4
725500,4,2.5,2790,74495,2,3
800000,2,1,1740,5719,1,3
1.33E+06,3,3.75,6400,76665,1,4
180500,3,2.5,1800,8518,2,3
325000,3,2.5,1800,8518,2,3
235000,3,1.75,1190,7280,1,4
330000,2,1,860,8308,1,4
678500,3,2,2460,6600,1,4
463000,4,2.5,1980,6660,2,4
250000,2,1,670,4640,1,3
655000,3,2,1410,4800,1.5,4
239900,4,2.25,1860,7000,1,3
185000,3,1,980,9135,1,3
1.74E+06,4,2.25,3040,5000,2,4
251700,3,2.25,1810,11800,1,3
400000,4,2,1560,8250,1,3
735000,4,1.75,2100,7960,1,3
1.70E+06,5,2,2500,15250,2,5
82500,2,1,520,22334,1,2
765000,4,4,3010,7221,2,3
292500,4,1.75,2140,8162,1,3
270000,3,2.25,2390,7000,1,4
415000,2,1,1510,6807,1,3
950000,4,1.75,2210,19025,1,4
353000,3,2.75,2170,8396,2,3
670950,3,2.5,1790,2375,3,3
280950,3,1.75,1390,8700,1,4
585000,3,1.75,1850,7735,1,4
525000,2,1.5,1480,43645,1,3
605000,3,1.75,1850,8823,1,4
1.01E+06,4,3.5,3350,3752,2,3
245990,3,1,1040,8410,1,3
535000,4,2.25,2810,12607,2,3
410000,1,1.5,1010,5750,1,3
550000,3,2.5,2250,7752,2,4
665000,3,1.75,1800,8000,1,3
455000,3,1,2400,17239,1,4
440000,4,1,1780,4000,1.5,3
332000,3,2.25,2120,14915,1,3
280000,3,2.5,1860,6607,2,3
570000,3,3.5,1460,1021,2,3
250000,3,1,1230,10350,1,4
238000,2,1,1088,8453,1,3
265000,3,1,800,5760,1,3
306000,3,1,1190,10350,1,4
345000,5,2.75,1940,4182,1,3
765000,4,2.5,3300,10764,1,4
346300,4,2.5,2590,11018,2,3
342500,3,2,2080,11375,1,3
501000,4,2.25,2680,5439,2,3
270000,3,2.5,1670,8364,1,4
638000,3,1,1830,4400,1.5,4
460000,3,1.75,1400,2003,1,4
760000,4,1.75,2770,8521,1,4
1.09E+06,3,2.5,3630,11019,1,4
234000,3,1,1040,8128,1,3
1.65E+06,3,2.75,2690,8890,2,4
488000,5,2,2020,5000,1.5,4
1.55E+06,5,2.5,2450,20805,2,4
499000,4,3,2030,12675,2,3
150000,3,1,1450,6776,1,3
333000,4,2.5,2400,7270,2,3
700000,4,2.75,2870,8625,1,4
275000,4,1,1340,22500,1.5,3
330000,3,2.5,1680,11312,1,3
360000,4,2,1850,8827,1,3
467000,3,1,1220,8040,1.5,3
568000,3,2.5,2320,57063,1,4
605000,5,2.25,3220,9603,2,3
750000,4,2.75,3190,9023,2,3
760000,3,2.75,3530,69834,2,3
265000,3,1.75,2050,10519,1,3
490000,3,1.75,1720,12540,1,4
360000,4,2.5,2850,4650,2,3
311750,4,2.25,2270,12000,1,4
399000,3,2.25,1880,12473,1,3
347000,4,2.5,2770,9751,2,3
1.68E+06,4,3.75,4490,34982,2,3
585000,4,2.5,3110,6479,2,3
340000,4,2.5,2360,7475,2,3
612000,3,2.5,2180,5496,2,3
230000,2,1.75,1910,3376,2,3
604000,4,2.5,2260,7753,2,3
250000,3,1.75,1770,8868,1,4
258500,3,2,1460,7930,1,3
783000,4,2.75,2080,5000,1,5
1.05E+06,5,2.25,2960,7680,1,5
760000,4,2.5,3220,4031,2,3
276000,3,1,1140,5000,1,3
550000,4,2,1660,12377,1,3
398000,4,1,1430,6240,1.5,5
775000,3,3,1820,4300,1.5,4
1.03E+06,4,3,3540,10202,2,3
327000,4,1,1620,6000,1.5,5
564500,4,2.75,3100,14568,2,3
782000,4,1.75,1500,6820,1.5,5
398000,4,2.5,2820,5510,2,3
257000,3,1.75,1850,10920,1.5,3
235000,4,2,1570,9415,2,4
453000,4,2.75,2300,37533,1,5
535000,2,1,920,9000,1,1
275000,3,2.5,1600,7000,2,4
665000,3,2.5,2630,10047,2,3
670000,4,2.75,3020,13530,1,4
465000,3,1.75,1490,10757,1,3
210000,3,1.5,1160,5200,1,5
265000,4,2.5,2040,4443,2,3
426000,2,2.5,1550,2657,2,4
529219,4,2.25,1990,7610,1,4
600000,3,2.25,1900,46609,1.5,4
875000,5,3.5,3840,8279,2,3
608000,4,3,2400,7680,1,3
220000,3,1,1660,21514,1,4
1.76E+06,4,5,6055,21630,1,4
295450,3,2,2030,17120,1,4
315000,2,1,840,5087,1,3
205000,4,2,1450,8175,1,4
310000,3,1.5,1460,9908,1,3
1.00E+06,5,1,2010,5210,1.5,3
525000,4,2.5,2910,7631,2,3
284000,4,1.75,1880,8800,1,3
510000,3,1.75,2170,26460,1,3
405000,2,1,1260,4377,1,4
509950,3,2.5,1970,9153,2,3
600000,4,2.25,2090,45738,2,3
990000,4,3.75,3450,4940,2,3
280005,3,1.5,1130,7200,1,3
700000,3,1.75,2600,7668,1,4
330000,3,1,1030,7620,1,3
340000,2,1,1700,6718,1,3
468000,2,2.5,1480,2167,2,3
1.34E+06,4,2.5,4250,19387,2,4
515000,3,1.75,1600,20873,1,3
245000,4,2,1870,8750,1,3
265000,3,2.5,1440,7741,1,4
372400,3,2.5,2720,11937,2,3
390000,3,1.5,1240,8410,1,5
208000,3,1,1020,6120,1,4
273000,2,0.5,1180,7750,1,4
455000,5,3.5,3080,7759,2,3
270000,4,2.5,1750,6397,2,3
618000,4,2.25,2530,8736,1,4
213550,3,2.5,1580,8541,2,3
210000,5,1.75,2340,9148,2,3
2.75E+06,5,4,6300,16065,2,3
403500,4,2.75,2400,3844,1,5
235000,3,1.5,1300,7600,1,4
287500,3,2,1760,7147,1,4
546800,4,1.5,1520,5910,1,3
183000,3,1.75,1070,8100,1,4
560000,3,2,2560,216777,1,3
299500,3,1,1280,6726,1,3
610000,4,2.25,1660,7350,1,3
288350,3,1.5,1860,7963,1,3
500000,2,1,950,4500,1,3
625000,4,2.75,2140,4000,1,3
418000,2,1.5,1480,1349,2,3
660000,3,3,2260,1825,2,3
775000,4,2.5,2300,6158,2,3
429500,3,2.75,1650,7272,1,4
569000,3,2,1990,3000,1.5,3
250000,4,2,1960,7560,1,5
225000,3,1.5,1310,10491,1,4
530000,4,2.75,2450,15002,1,5
306000,3,1,910,8658,1,3
517100,3,1.75,1580,9719,1,5
354950,3,1.75,1780,9689,1,3
348000,3,1.5,1040,1824,1,3
522250,4,2.5,2340,41600,1,3
275000,3,2.5,1720,8755,1,3
390000,3,1.5,1600,10440,1,3
260000,3,1.5,1320,9750,1,3
585000,5,2.75,2350,4178,1.5,3
605000,5,2.75,2740,5616,1.5,5
342000,4,2.5,2300,6448,2,3
900000,5,3,4350,37169,2,3
252000,3,1.75,1430,7700,1,4
357000,3,1.75,2400,14012,1,3
370000,3,1,940,7910,1,4
322500,3,1,1020,13504,1,5
210000,2,2,1680,5756,2,4
290000,2,1,1340,9840,1,3
860000,4,3.25,3960,7012,2,3
302000,6,2,2650,4621,1.5,3
369160,4,2.25,2120,9680,2,4
1.19E+06,4,2.75,2850,3000,2.5,3
993000,4,2,2850,14810,2,5
380000,6,2,1870,6969,1,4
635000,4,2,2660,8160,1,4
260000,3,1,1190,11120,1,3
243000,2,1,1770,5522,1.5,4
1.40E+06,4,2.5,2770,8879,2,3
665000,4,2.5,2080,8100,1,5
898000,5,2.25,2700,9000,2,5
583000,4,2.75,2200,9453,1,5
429000,4,1.75,2160,7700,2,2
471000,3,2.5,2010,4059,2,3
1.81E+06,3,3.5,3780,8295,2,3
739500,3,3.25,4460,51177,2,3
450000,3,1.5,1770,17208,1,3
552500,3,1,1430,5000,1,3
437000,4,1.75,1700,10642,1,4
270000,4,2,1830,5220,1.5,3
226740,3,1.5,1410,8800,1,4
446500,4,2.5,3060,7920,1,3
283000,3,2,1820,15068,2,3
445000,4,1.75,2430,13211,1.5,4
250000,2,1,740,6840,1,5
307000,3,1,770,6552,1,3
315000,4,2.75,2200,8580,1,3
555000,3,3,2920,23085,1.5,3
264900,4,2.5,2040,7000,1,3
510000,3,2,1600,4510,1,3
328000,4,2.5,1990,3980,2,3
358000,4,2.5,1830,7308,2,3
325000,3,2.5,2540,4260,2,3
1.37E+06,2,3.25,2700,3444,3,3
230000,4,2,1440,10800,1,4
545000,3,2,1550,4000,1,3
705380,3,2.5,2490,4343,2,3
459000,5,2.5,2650,12987,1,4
815000,4,2.25,2000,3800,2,3
495000,6,5,3440,4500,2,3
520000,3,2.5,2280,58712,2.5,3
430000,2,1.5,1320,1194,3,3
255000,4,2.5,2070,7800,2,3
588000,3,2,1860,4777,2,5
350000,3,1,940,7811,1,3
625000,4,2.75,2290,21486,1,5
172500,2,2,1510,20685,1,2
554000,3,2,1830,3500,1.5,5
775000,4,2.5,3090,7112,2,3
1.19E+06,4,3.5,4340,217800,2,3
618000,3,2.75,3200,12682,2,3
305000,4,1,1560,8450,1.5,4
232000,3,2,1280,13356,1,3
262000,4,2.5,2020,6236,2,3
234000,3,1,1040,8122,1,5
500000,4,2.75,2260,7209,1,3
278000,3,1,860,7632,1,3
230000,5,1,1920,19040,1,3
500000,4,1.75,2290,9215,1,5
366500,4,2.75,2070,9300,1,5
665000,6,3,4250,4400,2.5,4
1.10E+06,3,1.5,2220,4830,2,3
575000,2,1.75,1840,4076,1,3
674750,4,2.5,2590,9753,2,3
719000,5,2,3110,6131,1,5
482000,3,1.75,2600,105587,1,4
254000,2,1,1060,8187,1,4
443725,3,1.75,1250,3880,1,4
575000,4,2.5,2520,35636,2,3
469000,3,2.25,2070,9957,1,3
175000,2,1,1300,44431,1,5
437000,5,2,2190,8316,1,3
550000,4,3,2760,13113,1,4
172040,3,2.25,1710,7134,1,4
363000,3,2,1750,7000,1,3
282000,3,2.25,1552,3600,2,3
400000,6,2,2350,6554,2,3
650000,5,3.5,5110,10018,2,3
365000,3,2.5,1720,99916,2,4
269950,4,2.5,1960,7230,2,3
260000,2,1,1270,19602,1,3
193000,3,1.5,1180,7000,1,4
340000,4,2.25,2230,6791,2,3
900000,4,3.25,4700,38412,2,3
371000,3,2.5,2150,8361,2,3
592000,3,2.5,2400,81892,2,3
300000,3,2.5,1830,12750,2,3
449950,4,3,2800,6977,2,3
299500,3,2.5,2090,7163,2,3
995000,4,2.25,2340,13406,1,4
335000,4,1.75,1670,9472,1,3
280000,4,2.25,1990,7350,1,4
446000,4,2.25,2270,7800,1,3
1.54E+06,4,2.75,4910,15139,1,4
325000,3,1,950,4500,1,4
450000,3,1.75,1610,11200,1,3
322500,4,2.5,1940,7107,2,3
453000,3,1,1210,9473,1,5
655000,4,2.5,2570,4412,2,3
603000,3,2.25,1700,2800,2,5
235000,4,1,1610,24000,1.5,3
968933,4,3.5,4120,7304,2,3
1.02E+06,3,3.5,2880,11340,1,3
435000,4,2.25,1990,8548,2,3
242000,3,2,1260,8092,1,3
487000,6,3.25,4750,248600,2,4
810000,4,2.75,3010,10450,2,3
625000,3,2.5,2410,64073,1,4
165000,3,1.5,1280,7742,1,3
335000,3,1,2320,6750,1,3
286700,3,1,1220,6600,1,3
699000,2,1.5,1400,4050,1,4
280000,3,1.75,1590,7280,1,3
580000,4,2.5,2220,7064,2,3
754800,2,2.5,2770,7781,2,3
525000,4,2.5,2303,16801,2,3
562000,3,1.75,1600,10530,1,3
575000,4,1.75,1280,6060,1,3
808900,5,2.5,2900,5901,2,3
992000,3,2.25,2950,15207,1,4
335000,3,2.5,1700,6698,2,3
473000,3,2.75,1050,7200,1,3
350000,4,2.75,2990,11210,1,4
1.60E+06,5,2.5,3100,5374,2.5,4
305500,3,1,1240,6090,1,4
306000,2,1,780,13500,1,4
233000,2,2.25,850,1656,2,3
490000,3,1.75,1540,9000,1,3
445000,4,2.5,2280,42077,2,3
355000,3,2.25,2550,9674,1,3
360000,2,2,1770,7607,1,4
737500,3,1.75,2320,10900,2,3
985000,3,3.5,2600,11920,2,5
349950,2,3.25,1570,2031,2,3
520000,4,2.5,3060,7161,2,3
355950,4,2.5,1960,8540,1,3
485000,5,2.5,3270,6129,2,3
143000,3,1,1090,3315,1,4
3.28E+06,2,1.75,6840,10000,2.5,3
355000,3,1,940,8512,1,4
1.13E+06,5,3.5,3880,13885,2,4
200000,5,1.75,1770,15525,1,4
913000,4,2.5,3640,10576,2,3
1.60E+06,3,2.5,3160,12824,1,4
409900,2,2.5,1590,1845,2,3
265000,4,1,1290,6034,1,3
740000,5,3,3655,51836,1,5
306000,4,2.5,2490,8124,2,3
381000,3,2.5,1470,3999,2,3
1.22E+06,3,3.25,3960,6132,2,3
1.05E+06,3,3.5,3190,29982,1,4
408000,2,1,810,7440,1,5
739900,5,2.5,2980,5377,2,3
674250,4,2.5,2780,35000,1,4
438400,2,1,1340,8100,1,4
1.70E+06,5,5,4930,14649,2,3
703000,3,2,1360,5980,1.5,3
262000,3,1.75,1320,6530,1,4
353000,3,2,1210,14499,1,3
500000,4,2.5,1940,7607,2,3
1.28E+06,4,2.5,3160,4620,1.5,3
332000,4,2.5,1980,6566,2,3
824000,4,2.5,2320,14240,1,4
290000,4,2,1660,4788,1,3
700000,3,2.5,1660,1545,2,3
550000,2,1,1080,3420,1,4
549000,2,1,1510,11165,1.5,4
1.87E+06,4,2.5,2950,43560,1,4
858000,4,2.25,3070,13720,2,3
345000,2,1,970,10423,1,3
340000,4,1.75,2140,11651,2.5,3
1.22E+06,4,2.25,2570,9600,2.5,4
275000,3,2.25,1260,1488,3,3
405000,3,1,1220,7771,1,3
432500,3,2,1720,8145,2,5
236500,4,1,2140,4217,1.5,3
679000,4,1.5,1420,4923,1.5,4
543000,4,2.5,2060,8451,2,3
294000,3,1,1320,9520,1,3
340500,3,1.75,1810,10463,1,4
1.01E+06,4,2.5,2980,16263,2,3
335000,2,2,1350,2560,1,3
425000,3,2,1540,8011,1,3
353000,3,2.5,2510,9240,2,4
540000,3,2.5,1670,5146,2,3
640000,5,3.5,3690,11928,2,3
339950,3,1,1320,11457,1,3
195000,3,1.75,1510,8400,1,2
322000,3,1.75,1510,8400,1,2
660000,4,1.75,1870,10450,1,3
280000,6,3,2400,9373,2,3
300000,6,3,2400,9373,2,3
207500,3,1,1170,8816,1,4
195000,3,1.5,1190,8726,1,3
700000,3,2,2080,3880,1,5
560000,4,1.75,2150,8555,1,4
260000,3,1.75,1580,7344,1,5
575000,3,1.75,1580,7344,1,5
475000,3,2.5,2370,3239,2,3
285000,3,1.75,1840,8601,1,3
753888,4,2.5,2660,5500,2,3
650000,3,2.5,2190,3600,2,3
620000,3,2.25,1660,3478,1.5,4
526000,3,1.75,1780,37801,1,3
155000,2,1,700,5200,1,5
342000,4,2,1570,11200,1,3
390000,3,1.75,1220,216332,1,3
685000,3,2.75,3150,219978,2,4
608000,4,2.5,2690,4736,2,3
179900,2,1,680,6400,1,3
1.25E+06,6,3.25,3750,14150,2,5
166000,3,1,1010,11675,1,3
462000,3,1.5,1710,4500,1.5,3
545000,4,2.5,2090,6023,2,3
415000,3,1,1560,4500,1.5,3
269000,3,2.5,1560,4200,2,3
356500,4,2.5,2570,11473,2,3
225000,3,1,1010,7633,1,4
175000,2,1,1020,5130,1,4
549000,5,2.5,1710,9720,2,4
535000,3,2.75,2300,12197,2,3
627000,4,2.25,1990,7712,1,3
565000,3,2,2730,15677,2.5,3
392450,4,2,2195,2681,1,3
509000,2,2,1560,4675,1,3
340000,3,2.5,1400,4800,1,3
537000,3,2.5,1400,4800,1,3
865000,4,3,3690,9892,2,3
358000,2,1,1140,8340,1,3
595000,4,2.25,1920,3225,1.5,5
661000,4,2.5,2496,8058,2,3
419950,3,2.25,2280,8500,1,4
490000,4,3.5,3200,6420,2,3
525000,2,1,880,4000,1,3
350000,3,2,1320,1298,3,3
552500,3,2.5,2450,3582,2,3
210000,3,1,1040,8970,1,4
390000,3,2.5,2480,53250,2,3
336800,5,1.75,1830,16650,1.5,3
465000,3,2.5,1440,4473,2,3
299900,4,2.5,1580,3632,2,3
715000,3,3.25,3230,5000,2,3
235000,4,2.5,1810,39639,1,3
276000,3,2.5,2495,4400,2,3
265000,4,1.5,1740,12728,1,4
425000,3,1.75,1680,3000,1,4
313000,4,2.5,2460,10320,2,3
715000,3,2.5,3050,6000,1,3
265000,3,2.25,1630,10969,2,3
646000,3,2.75,2460,6413,2,3
175000,3,1,1030,6600,1,3
649000,3,2.5,3410,13809,1,4
785000,3,2.75,2310,5200,1,4
890000,4,2.75,2610,4400,1,5
612000,3,3,2330,10327,1,3
330000,4,2.5,2980,5674,2,3
493000,3,2.25,1790,11393,1,3
1.60E+06,4,2.25,2940,5735,1,3
1.62E+06,4,3,3900,9750,1,5
1.65E+06,4,3,3900,9750,1,5
499000,3,2.5,1750,2150,2.5,3
603500,6,2.75,2660,8400,1,5
530000,2,1.5,1580,3680,1,3
895000,5,2.5,2350,14197,1,4
267345,4,2.25,2510,8165,1,4
275000,3,2.5,1480,15639,2,3
439950,3,1.75,1720,223377,1,3
455000,3,2.25,1470,4653,2,4
630000,3,1.75,1540,6930,1,3
690000,3,2.5,2820,5001,2,3
212000,4,1.75,1250,12705,1,4
231500,4,2.25,2080,7526,1,4
1.24E+06,4,3.25,5180,49936,2,4
378500,3,2.5,2860,43821,2,4
482000,4,2.5,2710,35868,2,3
695000,2,1,1140,3990,1,3
965000,4,2.5,4070,57587,2,3
675000,3,1.75,1710,5913,1,4
387000,3,1.5,1340,6500,1,3
347500,4,2.75,2290,7000,2,3
385000,3,2,1860,7400,1,3
265000,3,1,1080,4930,1,3
406000,3,1,960,5264,1,3
134000,2,1.5,980,5000,2,3
415000,3,1,1500,3399,2,5
375000,3,1.75,1440,8775,1,3
620000,4,2.5,2580,7465,2,3
337500,5,2.5,2070,4698,2,3
565000,3,2.5,1880,12368,1,4
399500,3,1.75,2420,12676,2,3
1.07E+06,2,1.75,1890,9466,2,3
352500,3,2,1920,33630,1,3
259000,3,2,1870,5909,1,3
320000,2,1,900,7620,1,3
733000,3,2.5,2160,9888,2,4
381500,2,1,900,2910,1,5
343000,2,1,1180,9261,1,4
205500,2,1,900,6400,1,5
525000,3,2,1600,16530,1,5
300000,3,1.75,1500,8352,1,5
299000,2,1,1070,189486,1,3
561000,4,2.5,2570,5250,2,3
450000,3,1,1210,4000,1.5,3
540000,4,2.5,1850,7850,2,3
379000,3,2.5,1740,30886,2,3
230000,3,1,1300,14000,1,4
399950,3,2.5,2000,30605,2,4
355000,5,2.5,3220,5806,2,3
580000,4,2.25,2160,9593,1,3
700000,3,2,2130,4299,1.5,4
279900,3,1.75,1580,8151,1,4
210000,3,1,1200,7500,1,3
1.17E+06,3,3,3790,5001,2,3
290300,2,1,860,3874,1,4
1.60E+06,5,4.5,5130,43123,2,3
490000,3,1,1600,6380,1.5,3
606000,4,2.5,2110,13850,2,3
359950,3,1,1400,4980,1,3
677100,3,2,2110,9199,1,3
465000,3,2,1430,7125,1,4
4.50E+06,5,5.5,6640,40014,2,3
500000,3,2,3040,41072,1,4
455000,2,1,980,5000,1,4
705000,6,2,2570,4240,1.5,4
420000,3,2.5,2060,7020,1,4
169575,3,1,1300,8284,1,3
250000,3,1,1300,8284,1,3
530000,3,2.25,1680,7262,1,5
590000,5,3.25,4020,40341,1,5
257500,3,1.75,1530,14087,1,3
415000,3,1,1170,6700,1,3
536000,3,1.75,1580,3764,1.5,3
246500,3,1.5,1270,11600,1,4
395000,3,1.75,1480,7700,1,3
739000,3,2.25,2220,10530,1,4
1.27E+06,4,2.75,3200,13729,2,3
190000,3,1,910,10575,1,4
305000,3,1.5,1480,9086,1,3
925000,4,4.25,3770,13058,2,4
895000,4,3,3500,13444,2,3
656000,3,1.75,1480,7475,1.5,3
560000,4,1,1660,4690,1.5,3
610000,5,2.25,2520,11700,2,3
645000,4,2.5,2850,37522,2,3
259000,3,2.5,2153,4400,2,3
980000,4,2.5,3780,10962,2,3
872000,4,4,3770,9750,1,4
1.00E+06,6,2.75,3600,9675,1,4
900000,3,2.75,2980,12600,1.5,3
475000,4,1.5,2320,5534,1.5,4
350000,5,2.75,2980,13482,1,4
840000,4,1.75,2930,11562,1,3
500000,4,2.5,2040,8400,1,3
202500,3,1.5,1510,9898,1,3
523000,4,2.5,2660,65340,2,3
225000,3,2.5,1740,10050,2,3
418200,3,2.25,2240,9542,1,3
356500,4,1.75,1570,9670,1,3
670000,4,3,2500,5000,1.5,4
456150,3,2.25,1750,12408,1,5
471000,4,2.5,3030,9687,2,3
558000,3,2.5,1680,934,3,3
1.38E+06,6,4.5,5740,10312,2,3
161500,3,1,1220,6000,1,5
311000,3,1,1310,8370,1.5,3
470000,6,1.75,2490,8732,1.5,4
569000,3,3.25,2220,8227,1.5,5
689000,4,2.5,2240,7350,2,3
271900,3,1.75,1890,11875,1,3
278000,4,2.5,1850,6037,2,3
820000,2,2.5,2210,4440,2,4
399500,3,1.75,1410,7700,1,4
462000,3,2.75,1890,2614,2,4
347500,3,1,1830,12036,1,3
562100,2,0.75,1440,3700,1,3
230000,2,1,950,7560,1,3
687000,4,2.5,2370,10083,2,5
725786,4,2.5,3070,5762,2,3
315500,3,1,1300,12600,1,4
312000,4,2,1300,7054,1,3
343000,3,3.25,1210,1173,2,3
385195,1,1,710,6000,1.5,3
415000,4,2.25,2240,12650,1,4
461000,3,1.75,3600,8666,2,4
369990,4,2.5,1960,7133,2,3
349950,4,2.5,1820,3134,2,3
285750,3,2.25,1960,17126,1,3
542500,4,2.25,1750,10160,1,3
830000,5,3.5,3700,5400,2,3
705000,4,2.5,2910,20946,2,4
615000,2,1,1270,5000,1,3
184500,2,1,720,5880,1,3
412000,2,1,1040,5120,1,3
250000,3,1.5,2210,11111,1.5,3
580000,5,2,2060,6000,2,3
220000,2,1,780,6000,1,5
675000,4,2.75,2240,8937,1,4
373500,2,1,800,3330,1,3
662700,2,1.5,2440,6900,2,3
239950,5,1,1460,6032,2,4
383000,3,1,1150,10196,1,4
485000,3,2.75,2650,12350,1,4
610000,4,2.75,2600,36583,1,5
545000,6,1.75,1820,6250,1,3
780000,2,2.5,2560,2500,2,5
305000,3,2.5,1714,3240,2,3
405000,3,1,1330,15678,1,3
1.11E+06,5,3.5,7350,12231,2,3
273000,3,1.75,2050,9045,2,4
326500,3,1,1810,12375,2,3
365000,3,1.75,1380,9134,1,5
1.00E+06,3,2.75,3070,10739,2,3
422500,2,1,800,4046,1,3
354450,4,2.75,2140,9920,2,3
320000,3,1,1330,9540,1,4
223000,3,1,1030,9120,1,3
410000,3,2.5,1740,4948,2,3
438000,3,1,1200,4000,1.5,4
390000,3,3,1490,2944,2,3
298500,4,2.5,1890,5954,2,3
749999,5,2.25,3060,13630,2,3
779000,6,2.5,3250,12000,1,3
570000,3,2.75,2730,11936,2,3
385000,3,1,810,4600,1,3
649000,4,2,2240,11040,1,5
283000,3,1,1740,5247,1,3
699900,4,2.25,2380,16236,1,3
278500,4,1,1540,8400,1,3
700000,4,1.75,2340,9100,1,3
535000,4,2.75,2710,45963,2,3
234500,3,1.75,1310,18400,1,3
374150,3,1.75,1390,9585,1,4
397000,4,2.5,2201,9542,2,3
613000,3,2.25,1960,10385,1,3
1.15E+06,3,2.5,2850,10474,1,4
595000,4,1.75,1880,4080,1,3
340000,5,2.75,2440,6858,2,3
388000,4,2.5,2560,5800,2,3
404000,3,1.75,1410,15210,1,3
810000,3,2,2870,6360,1.5,4
405000,4,2.5,2620,9359,2,3
726000,5,3,2970,10335,2,3
266000,3,2.5,1780,7214,1,4
722500,5,2.25,3700,7207,1,5
352000,4,2.5,1252,25002,1,3
265000,4,1.5,1240,8158,1,4
856000,3,2.5,2160,3920,2,3
346950,3,2.5,2040,4348,2,4
866059,5,3.5,3130,4797,2,3
410000,3,2.5,2350,4456,2,3
370000,3,1.75,1570,16817,2,3
230000,3,1,1530,389126,1.5,4
400000,2,2,1520,5010,1,3
172000,3,1,1350,9680,1,4
615000,3,1.75,1950,8480,1,4
860000,4,3.5,3950,9600,2,3
555000,3,1.75,2040,6000,1,5
579000,3,2.5,1990,4040,1.5,5
385000,3,1.75,1300,7030,1,3
420000,4,2.25,2030,12000,2,3
645000,3,1.75,2340,6750,1.5,5
549950,3,2.5,2160,6288,2,3
678000,3,2.75,2770,10000,1,5
199000,4,2,2030,8120,2,3
604000,3,1,1440,13824,1,4
268000,5,1.75,1730,10368,1,5
960000,5,3.5,4510,16305,2,3
509250,3,2.5,2100,7600,1,4
416000,3,2.5,1800,5372,2,3
190000,3,1,1090,8520,1,3
212000,3,1.5,1010,10000,1,4
325900,3,2.5,2040,9765,2,3
560000,3,3.5,2270,4088,2,3
275000,3,2.5,1730,5799,2,4
665000,4,2.5,2480,15411,2,3
1.51E+06,4,3.5,3480,7232,2,3
375000,4,2,1720,2410,1,3
359950,3,1.75,1570,6975,1,3
340000,4,2.75,3527,7200,2,3
401000,2,1,840,8100,1,4
669000,2,1.75,1950,10766,1,4
638500,4,2.5,1980,6568,2,3
545000,2,1.5,1620,3760,2,5
524000,4,1,1980,7015,1,3
1.61E+06,5,3.75,3530,13260,2,3
280000,2,1,1260,4800,1,3
828000,4,2.5,2120,10841,1,4
223000,3,1.75,1360,10573,1,4
1.29E+06,4,3.5,3100,2261,2,3
750000,2,2,2370,155130,1,3
430000,2,1,1460,9207,1,3
711000,4,1.75,1980,10800,1,5
310000,4,2.5,1930,7014,2,3
415000,5,1.75,3700,9140,1,3
274900,4,2.5,1970,6600,2,3
525000,3,3,2470,36445,2,4
179500,3,1,1180,32214,1,3
478000,3,1,1280,2580,1.5,3
195000,3,1.75,1380,7350,1,3
385000,4,3,2740,10925,1,3
401000,3,2.75,2020,9505,1,3
522000,4,2.5,2835,6598,2,3
330000,4,1.75,1520,14417,1,4
503000,3,2.5,2190,4882,2,3
175000,5,1.75,1680,8400,1,4
963990,4,3.5,3915,6364,2,3
845000,5,2,1720,9972,1,4
157500,2,1,670,4500,1,3
450000,2,3,1790,1709,2,3
925000,4,1.75,2440,11793,1,3
600000,2,1,920,5029,1,4
709000,4,1,1680,4087,1.5,3
1.39E+06,5,3.75,3290,6480,2,5
248000,3,2.5,2120,6840,1,3
245000,3,1,910,6630,1,4
332000,2,1,1000,4776,1,4
459950,3,2.5,2340,4273,2,3
425000,3,2,1180,1800,2,3
460000,3,2.25,2080,50965,1,3
838300,6,2.5,3760,12978,1,3
256000,3,2.5,1480,7200,2,5
864000,3,2.75,3060,13554,2,3
900000,4,3.5,3070,4440,2,3
145600,3,1,1170,7560,1,3
865000,5,3,2900,6730,1,5
250250,3,2.25,2210,8000,2,4
162000,4,2,1440,7641,1,4
450000,4,1.75,1980,7350,1,3
675500,4,2.75,2060,21344,1,2
697000,3,2.25,2420,5304,1.5,5
1.32E+06,3,3.25,3440,4080,2,3
490000,3,1.75,1600,16510,1,3
590000,3,2.25,2210,5742,1,3
280000,4,1.75,2250,16000,1,3
515000,2,1,1680,6500,1,4
576000,3,1,1140,5395,1,4
375000,3,1.75,1430,10574,2,3
478000,3,1,1440,7107,1,4
282000,3,1,1670,5200,1,5
1.40E+06,4,4.5,3080,10550,2,3
593500,5,3.25,4300,50405,2,3
724950,4,3.5,3010,174240,2,3
306000,3,1.75,1560,7500,1,4
341000,4,1.75,1920,7665,1,4
399950,3,2.5,1400,4400,1,3
534000,5,2,2280,3600,2,3
635000,6,2.5,3880,5700,2,3
350000,2,1,1350,3880,1,3
856000,3,1.5,1480,2700,1.5,3
582000,4,3,1670,1189,3,3
799000,4,2.5,3400,6742,2,3
423700,3,2.5,2070,3986,2,3
1.84E+06,4,3.5,4870,39190,2,3
322000,3,2,1760,43575,1,3
929000,4,3.25,4030,57499,2,3
443000,2,1,1130,5413,1,3
441500,3,1.75,1510,7700,1,3
875000,4,3.5,3110,108464,2,4
3.60E+06,3,3.25,5020,12431,2,3
450000,2,1,740,5100,1,4
425000,3,2.25,1630,10500,1,3
660000,4,1.75,2780,9900,2,4
763101,3,1.75,1990,5560,1,4
499000,4,2.75,2250,14149,2,3
521000,3,1.75,1720,37363,1,4
302000,2,1,900,423838,1,5
293000,4,2.25,2360,6260,2,3
335000,3,2.25,1530,4580,2,3
499000,2,1,1450,3090,2,3
600000,3,1.75,2040,5000,1.5,3
720000,4,1.75,2620,11041,1.5,4
195000,2,2,1180,2553,2,3
249000,3,1,1110,8423,1,3
334000,3,2.25,1840,9781,2,3
599950,4,1.75,2720,7810,1,3
149900,2,1.75,1090,1950,1,4
700000,4,1.75,1730,6500,1,3
525000,4,1.5,1170,6240,1,4
1.05E+06,4,3.75,4740,126759,2,4
402000,3,2.5,1960,8000,1,4
450000,3,2,1430,3480,1,3
520000,3,2.25,2510,43995,2,3
205000,3,1.75,1420,6980,1,5
635000,3,2.25,2680,175982,1,3
210500,3,1,1220,9600,1,5
406650,2,1,1070,6100,1,3
350000,3,1.75,1580,19998,1,4
425000,4,1.75,1820,6000,1,3
798000,3,3.5,3590,6402,2,3
180000,3,1,1960,9583,2,2
1.25E+06,5,3.25,3160,13238,2,5
435000,4,2,2030,4033,2,4
355000,3,1.5,1240,15867,1,3
3.00E+06,5,3.25,5370,14091,2,3
685000,5,2.5,2670,14455,2,5
311000,3,1,1640,12060,1,4
305000,4,2.25,2130,9600,1,4
675000,3,2.5,2550,4954,1.5,4
769000,4,2.75,3630,15405,1,4
430000,3,1.5,1690,9708,1.5,5
516250,6,2,2390,8660,1.5,4
760000,3,3.5,2350,10739,1,5
579950,3,3.5,1420,1217,2,3
476000,3,2.25,1570,7187,1,4
510000,3,1.75,1600,19200,1,4
205000,2,1,720,5040,1,3
240000,3,1,1470,7350,1,3
738000,5,3.5,2790,16952,2,3
420000,3,1.75,1720,8102,1,5
455000,3,1.75,1300,9600,1,4
765000,4,1,2520,5500,1.5,5
372000,4,1.5,1780,7914,1.5,4
160000,3,1,1200,8360,1,2
772000,4,2.5,2990,9643,2,3
1.13E+06,5,1.75,1910,5640,2,4
479000,3,1,1370,3000,1.5,3
570000,3,2.5,1910,4941,2,3
350000,4,1,1170,8147,1.5,3
353000,3,2.5,1250,864,3,3
699000,5,2.5,3340,24755,2,3
265000,3,2,1380,8536,2,4
167000,1,1,780,10235,1.5,3
500000,4,2.25,2080,8000,1,3
700000,3,1,1410,7200,2,4
295000,1,1,520,5600,1,3
1.01E+06,4,3.5,3500,4080,2,3
209000,2,1,840,5265,1,5
276000,3,1.75,2240,9200,1,4
380000,4,2.5,2100,5857,2,3
315000,3,1.5,1750,12500,1,3
685530,4,2.5,3130,60467,2,3
254600,3,2,1470,20000,1,4
230000,3,2,1440,5600,1,4
335000,3,3,1430,1249,3,3
550000,4,2.5,2170,9600,1,3
123300,3,1,1150,8050,1.5,4
275436,4,2.75,2170,9658,1.5,3
325000,4,3.5,2630,3435,1.5,3
635000,4,2.5,2490,40608,2,3
513000,3,1.75,1710,5000,1,4
580000,4,2.5,2130,35752,1,3
225000,3,1,940,9272,1,3
265000,3,1,1400,9460,1,3
313000,4,1.75,1630,3000,1,3
296000,2,1,1370,8400,1,3
655500,4,2.75,2380,15800,1,3
250750,5,1.75,2140,12058,1,4
438000,4,2.5,1970,8545,2,3
590000,3,2.75,2550,54014,2,4
329500,3,1,1080,5250,1,4
1.20E+06,3,2.25,3070,9645,2,3
415000,2,1,1470,6000,1,3
900000,4,2.5,3620,42580,2,3
378000,3,1.5,1050,57499,1,3
474000,2,1,1050,403365,1,5
464000,3,1,1320,3625,2,3
310000,3,1,1210,7649,1,4
580000,3,1.5,1860,7190,2,5
999000,3,2.75,2830,505166,1,4
510000,2,1,810,6480,1,5
650000,3,1.5,1630,7475,1,3
196000,3,1,880,19600,1,4
220000,4,1.75,1660,11664,1,3
855000,3,2.25,3440,10628,2,3
483000,3,1.75,2110,10454,1,4
400000,3,1,1060,12000,1,3
435000,3,2.5,1900,7984,2,3
219500,1,1,820,1060,1,3
2.95E+06,4,3.5,4860,23885,2,3
427000,3,2.5,2050,3218,3,3
430000,2,1.5,1090,4013,1.5,3
685000,2,1.5,1090,4013,1.5,3
495000,2,1.5,1920,6250,1,3
299950,3,2.5,1870,7942,2,3
390000,4,1.75,2690,46609,1.5,3
385000,3,1.75,2160,5863,1.5,4
740000,4,2.5,3000,10392,2,3
991700,4,3,2290,2350,2,3
765000,3,2.75,2250,9600,2.5,4
802000,4,2.25,2130,8734,2,4
950000,4,2.75,2500,20000,1,4
392000,4,2.5,2300,41167,2,3
590000,3,2.5,3360,218235,1,3
425000,4,2.5,1920,9000,2,2
765000,5,1.75,2440,15143,1.5,4
313500,3,2.25,1440,3488,2,4
320000,3,1,1780,6840,2,4
604000,4,1.75,1490,4485,1,3
570000,3,2,1400,1657,2,3
639000,4,2.5,2150,12028,2,4
335000,4,2,1910,10200,1,4
896000,4,1.75,2660,3520,2,4
259500,3,1.75,1650,12349,1,3
637000,3,2,1980,6000,1,4